Cargo/Área,Nome,Assunção,Saída,Situação
Presidente do Banco Central do Brasil,Dênio Chagas Nogueira,12/04/1965,21/03/1967,Exonerado
Diretor,Aldo Baptista Franco da Silva Santos,13/04/1965,17/04/1967,Exonerado
Diretor,Casimiro Antônio Ribeiro,13/04/1965,17/04/1967,Exonerado
Diretor,Luiz Biolchini,13/04/1965,22/06/1966,Exonerado
Diretor,Antônio de Abreu Coutinho,28/06/1966,21/03/1967,Exonerado
Presidente do Banco Central do Brasil,Ruy Aguiar da Silva Leme,31/03/1967,12/02/1968,Exonerado
Diretor,Ary Burger,31/03/1967,28/11/1969,Exonerado
Diretor,Germano de Brito Lyra,24/04/1967,28/11/1969,Exonerado
Diretor,Hélio Marques Vianna,24/04/1967,28/11/1969,Exonerado
Presidente do Banco Central do Brasil,Ary Burger,07/02/1968,21/02/1968,Exonerado
Presidente do Banco Central do Brasil,Ernane Galvêas,21/02/1968,15/03/1974,Exonerado
Diretor,Paulo Hortênsio Pereira Lira,25/03/1968,15/03/1974,Dispensado do encargo
Área Bancária,Luiz de Carvalho e Mello Filho,03/12/1969,15/03/1974,Exonerado
Área Cambial/Externa,Paulo Hortênsio Pereira Lira,03/12/1969,15/03/1974,Dispensado do encargo
Área de Mercado de Capitais,Francisco de Boni Neto,03/12/1969,15/01/1974,Exonerado
Área Administrativa e do Crédito Rural e Industrial,Fernando Roquette Reis,03/12/1969,01/03/1971,Exonerado
Área Administrativa e do Crédito Rural e Industrial,Paulo Yokota,09/03/1971,23/08/1973,Dispensado do encargo
Área de Crédito Rural e Industrial,Paulo Yokota,23/08/1973,15/03/1974,Exonerado
Presidente do Banco Central do Brasil,Paulo Hortênsio Pereira Lira,15/03/1974,15/03/1979,Exonerado
Área de Mercado de Capitais,Sérgio Augusto Ribeiro,19/03/1974,18/02/1975,Dispensado do encargo
Área Bancária,Ernesto Albrecht,19/03/1974,18/02/1975,Dispensado do encargo
Área de Crédito Rural e Industrial,José de Ribamar Melo,19/03/1974,18/02/1975,Dispensado do encargo
Área Cambial/Externa,Fernão Carlos Botelho Bracher,19/03/1974,18/02/1975,Dispensado do encargo
Área de Administração,José Antônio Berardinelli Vieira,31/05/1974,18/02/1975,Dispensado do encargo
Diretor de Administração - Dirad,José Antônio Berardinelli Vieira,18/02/1975,15/03/1979,Exonerado
Diretor de Mercado de Capitais - Dimec,Sérgio Augusto Ribeiro,18/02/1975,14/03/1979,Exonerado
Diretor de Crédito Rural e Industrial - Dicri,José de Ribamar Melo,18/02/1975,14/03/1979,Exonerado
Diretor da Área Externa - Direx,Fernão Carlos Botelho Bracher,18/02/1975,14/03/1979,Dispensado do encargo
Diretor da Área Bancária - Diban,Ernesto Albrecht,18/02/1975,15/03/1979,Exonerado
Presidente do Banco Central do Brasil,Carlos Brandão,15/03/1979,17/08/1979,Exonerado
Diretor de Administração - Dirad,Antônio Augusto dos Reis Veloso,16/03/1979,15/03/1985,Exonerado
Diretor da Área Bancária - Diban,João Ary de Lima Barros,16/03/1979,21/08/1979,Exonerado
Diretor de Crédito Rural e Industrial - Dicri,Celso da Costa Sabóia,16/03/1979,21/08/1979,Exonerado
Diretor da Área Externa - Direx,José Carlos Madeira Serrano,16/03/1979,14/03/1985,Exonerado
Diretor de Mercado de Capitais - Dimec,Luiz Lemos Leite,16/03/1979,21/08/1979,Exonerado
Presidente do Banco Central do Brasil,Ernane Galvêas,17/08/1979,19/01/1980,Exonerado
Diretor de Mercado de Capitais - Dimec,Hermann Wagner Wey,22/08/1979,24/07/1984,Exonerado
Diretor da Área Bancária - Diban,Carlos Geraldo Langoni,22/08/1979,18/01/1980,Dispensado do encargo
Diretor de Crédito Rural e Industrial - Dicri,José Kleber Leite de Castro,22/08/1979,14/03/1985,Exonerado
Presidente do Banco Central do Brasil,Carlos Geraldo Langoni,19/01/1980,05/09/1983,Exonerado
Diretor da Área Bancária - Diban,Antonio Chagas Meirelles,21/01/1980,06/09/1983,Exonerado
Diretor da Dívida Pública - Didip,Cláudio Luiz da Silva Haddad,11/07/1980,30/12/1982,Exonerado
Presidente do Banco Central do Brasil,Affonso Celso Pastore,05/09/1983,15/03/1985,Exonerado
Diretor da Área Bancária - Diban,José Luiz Silveira Miranda,06/09/1983,15/03/1985,Exonerado
Diretor de Mercado de Capitais - Dimec,Iran Siqueira Lima,25/07/1984,15/03/1985,Dispensado do encargo
Diretor de Mercado de Capitais - Dimec,Roberto da Cunha Castello Branco,15/03/1985,28/08/1985,Exonerado
Diretor de Administração - Dirad,Paulo Roberto Franco Ferreira,15/03/1985,02/05/1986,Exonerado
Presidente do Banco Central do Brasil,Antonio Carlos Braga Lemgruber,15/03/1985,28/08/1985,Exonerado
Diretor de Crédito Rural e Industrial - Dicri,Hélio Ribeiro de Oliveira,15/03/1985,01/06/1989,Exonerado
Diretor da Dívida Pública e Mercado Aberto - Didip,José Júlio de Almeida Senna,15/03/1985,28/08/1985,Exonerado
Diretor da Área Bancária - Diban,Alberto Sozin Furuguem,15/03/1985,28/08/1985,Exonerado
Diretor da Área Externa - Direx,Sérgio Silva de Freitas,15/03/1985,29/04/1985,Exonerado
Diretor de Fiscalização - Difis,Iran Siqueira Lima,16/03/1985,02/09/1985,Exonerado
Diretor da Área Externa - Direx,Carlos Eduardo de Freitas,29/04/1985,09/03/1988,Exonerado
Presidente do Banco Central do Brasil,Fernão Carlos Botelho Bracher,28/08/1985,11/02/1987,Exonerado
Diretor de Mercado de Capitais - Dimec,Luiz Carlos Mendonça de Barros,04/09/1985,20/05/1987,Exonerado
Diretor de Fiscalização - Difis,José Tupy Caldas de Moura,04/09/1985,14/03/1990,Exonerado
Diretor da Área Bancária - Diban,Carlos Thadeu de Freitas Gomes,04/09/1985,02/05/1986,Exonerado
Diretor da Dívida Pública e Mercado Aberto - Didip,André Pinheiro de Lara Resende,04/09/1985,06/01/1987,Exonerado
Diretor para Assuntos da Dívida Externa - Divex,Antonio de Pádua Seixas,26/11/1985,17/11/1988,Exonerado
Diretor de Administração - Dirad,Lycio de Faria,02/05/1986,23/10/1987,Exonerado
Diretor da Área Bancária - Diban,Pérsio Arida,06/05/1986,19/02/1987,Exonerado
Diretor da Dívida Pública e Mercado Aberto - Didip,Alkimar Ribeiro Moura,07/01/1987,27/01/1988,Dispensado do encargo
Presidente do Banco Central do Brasil,Francisco Roberto André Gros,11/02/1987,30/04/1987,Exonerado
Diretor da Área Bancária - Diban,Ricardo Fernandez Silva,25/02/1987,20/05/1987,Exonerado
Presidente do Banco Central do Brasil,Lycio de Faria,30/04/1987,04/05/1987,Dispensado do encargo
Presidente do Banco Central do Brasil,Fernando Milliet de Oliveira,05/05/1987,09/03/1988,Exonerado
Diretor de Mercado de Capitais - Dimec,Luiz Aranha Corrêa do Lago,20/05/1987,27/01/1988,Exonerado
Diretor da Área Bancária - Diban,Wadico Waldir Bucchi,20/05/1987,14/03/1990,Dispensado do encargo
Diretor de Administração - Dirad,Wadico Waldir Bucchi,21/10/1987,28/10/1987,Dispensado do encargo
Diretor de Administração - Dirad,José Maria Arbex,28/10/1987,27/01/1988,Exonerado
Diretor da Dívida Pública e Mercado Aberto - Didip,Juarez Soares,27/01/1988,14/10/1988,Exonerado
Diretor de Administração - Dirad,Luis Álvaro de Oliveira Ribeiro,27/01/1988,09/03/1988,Exonerado
Diretor de Mercado de Capitais - Dimec,Keyler Carvalho Rocha,27/01/1988,10/01/1990,Exonerado
Presidente do Banco Central do Brasil,Elmo de Araújo Camões,09/03/1988,22/06/1989,Exonerado
Diretor da Área Externa - Direx,Arnim Lore,09/03/1988,15/03/1990,Exonerado
Diretor de Administração - Dirad,Antenor Araken Caldas Farias,09/03/1988,15/03/1990,Exonerado
Diretor da Dívida Pública e Mercado Aberto - Didip,Keyler Carvalho Rocha,14/10/1988,19/12/1988,Dispensado do encargo
Diretor para Assuntos da Dívida Externa - Divex,Arnim Lore,17/11/1988,14/03/1990,Dispensado do encargo
Diretor da Dívida Pública e Mercado Aberto - Didip,Carlos Thadeu de Freitas Gomes,19/12/1988,30/06/1989,Exonerado
Diretor da Dívida Pública e Mercado Aberto - Didip,Wadico Waldir Bucchi,30/06/1989,31/10/1989,Dispensado do encargo
Presidente do Banco Central do Brasil,Wadico Waldir Bucchi,25/10/1989,15/03/1990,Exonerado
Diretor da Dívida Pública e Mercado Aberto - Didip,Francisco Amadeu Pires Felix,31/10/1989,14/03/1990,Exonerado
Diretor de Mercado de Capitais - Dimec,Francisco Amadeu Pires Felix,10/01/1990,14/03/1990,Exonerado
Diretor de Administração - Dirad,Ibrahim Eris,15/03/1990,15/03/1990,Dispensado do encargo
Presidente do Banco Central do Brasil,Ibrahim Eris,15/03/1990,17/05/1991,Exonerado
Diretor de Normas e Organização do Sistema Financeiro - Dinor,Gustavo Jorge Laboissière Loyola,15/03/1990,25/03/1993,Dispensado do encargo
Diretor da Área Externa - Direx,Ibrahim Eris,15/03/1990,15/03/1990,Dispensado do encargo
Diretor de Fiscalização - Difis,Ibrahim Eris,15/03/1990,24/04/1990,Dispensado do encargo
Diretor de Câmbio e Assuntos Internacionais - Direx,Antonio Cláudio Leonardo Pereira Sochaczewski,15/03/1990,20/07/1990,Dispensado do encargo
Diretor da Área Bancária - Diban,Ibrahim Eris,15/03/1990,15/03/1990,Dispensado do encargo
Diretor de Mercado de Capitais - Dimec,Ibrahim Eris,15/03/1990,15/03/1990,Dispensado do encargo
Diretor de Política Monetária - Dipom,Luis Eduardo Alves de Assis,16/03/1990,03/06/1991,Exonerado
Diretor de Administração - Dirad,Gustavo Jorge Laboissière Loyola,16/03/1990,24/04/1990,Dispensado do encargo
Diretor de Fiscalização - Difis,Eliseu Martins,24/04/1990,07/06/1991,Exonerado
Diretor de Administração - Dirad,Joubert Furtado,24/04/1990,24/06/1991,Exonerado
Diretor de Assuntos Internacionais - Direx,Antonio Cláudio Leonardo Pereira Sochaczewski,20/07/1990,18/03/1991,Exonerado
Diretor de Assuntos Internacionais - Direx,Ibrahim Eris,18/03/1991,17/05/1991,Exonerado
Diretor de Assuntos Internacionais - Direx,Joubert Furtado,13/05/1991,07/06/1991,Dispensado do encargo
Presidente do Banco Central do Brasil,Francisco Roberto André Gros,17/05/1991,16/11/1992,Exonerado
Diretor de Política Monetária - Dipom,Pedro Luiz Bodin de Moraes,03/06/1991,01/12/1992,Exonerado
Diretor de Fiscalização - Difis,Luiz Nelson Guedes de Carvalho,07/06/1991,06/04/1993,Exonerado
Diretor de Assuntos Internacionais - Direx,Armínio Fraga Neto,07/06/1991,01/12/1992,Exonerado
Diretor de Administração - Dirad,Cincinato Rodrigues de Campos,24/06/1991,01/12/1992,Exonerado
Presidente do Banco Central do Brasil,Gustavo Jorge Laboissière Loyola,13/11/1992,29/03/1993,Exonerado
Diretor de Assuntos Internacionais - Direx,Emílio Garófalo Filho,01/12/1992,06/04/1993,Exonerado
Diretor de Política Monetária - Dipom,João Heraldo dos Santos Lima,01/12/1992,06/04/1993,Exonerado
Diretor de Administração - Dirad,Emílio Garófalo Filho,02/12/1992,06/04/1993,Exonerado
Presidente do Banco Central do Brasil,Paulo César Ximenes Alves Ferreira,26/03/1993,09/09/1993,Exonerado
Diretor de Normas e Organização do Sistema Financeiro - Dinor,Paulo César Ximenes Alves Ferreira,29/03/1993,06/04/1993,Dispensado do encargo
Diretor de Fiscalização - Difis,Sérgio de Iudícibus,06/04/1993,09/09/1993,Exonerado
Diretor de Administração - Dirad,Carlos Eduardo Tavares de Andrade,06/04/1993,04/03/1999,Exonerado
Diretor de Assuntos Internacionais - Direx,José Roberto Novaes de Almeida,06/04/1993,09/09/1993,Exonerado
Diretor de Normas e Organização do Sistema Financeiro - Dinor,Cláudio Ness Mauch,06/04/1993,20/03/1996,Dispensado do encargo
Diretor de Política Monetária - Dipom,Francisco Amadeu Pires Felix,06/04/1993,09/09/1993,Exonerado
Diretor de Fiscalização - Difis,Cláudio Ness Mauch,09/09/1993,07/12/1993,Dispensado do encargo
Diretor de Política Monetária - Dipom,Francisco Eduardo de Almeida Pinto,09/09/1993,22/02/1994,Exonerado
Presidente do Banco Central do Brasil,Pedro Sampaio Malan,09/09/1993,01/01/1995,Exonerado
Diretor de Assuntos Internacionais - Direx,Gustavo Henrique de Barroso Franco,09/09/1993,03/09/1997,Dispensado do encargo
Diretor de Fiscalização - Difis,Edson Bastos Sabino,07/12/1993,30/06/1995,Exonerado
Diretor de Política Monetária - Dipom,Pedro Sampaio Malan,22/02/1994,07/03/1994,Dispensado do encargo
Diretor de Política Monetária - Dipom,Alkimar Ribeiro Moura,07/03/1994,22/03/1996,Dispensado do encargo
Presidente do Banco Central do Brasil,Gustavo Henrique de Barroso Franco,31/12/1994,11/01/1995,Dispensado do encargo
Presidente do Banco Central do Brasil,Pérsio Arida,11/01/1995,13/06/1995,Exonerado
Diretor de Política Econômica - Dipec,Francisco Lafaiete de Pádua Lopes,12/01/1995,04/03/1999,Exonerado
Presidente do Banco Central do Brasil,Gustavo Jorge Laboissière Loyola,13/06/1995,20/08/1997,Exonerado
Diretor de Fiscalização - Difis,Cláudio Ness Mauch,30/06/1995,04/03/1999,Exonerado
Diretor de Política Monetária - Dipom,Francisco Lafaiete de Pádua Lopes,22/03/1996,04/03/1999,Exonerado
Diretor de Normas e Organização do Sistema Financeiro - Dinor,Alkimar Ribeiro Moura,22/03/1996,03/09/1997,Exonerado
"Diretor de Reestruturação do Sistema Financeiro Estadual e das Dívidas dos Estados, do Distrito Federal e dos Municípios - Direm",Paolo Enrico Maria Zaghen,02/12/1996,29/07/1999,Exonerado
Presidente do Banco Central do Brasil,Gustavo Henrique de Barroso Franco,20/08/1997,04/03/1999,Exonerado
Diretor de Normas e Organização do Sistema Financeiro - Dinor,Sérgio Darcy da Silva Alves,03/09/1997,12/04/2006,Dispensado do encargo
Diretor de Assuntos Internacionais - Direx,Demosthenes Madureira de Pinho Neto,03/09/1997,04/03/1999,Exonerado
Presidente do Banco Central do Brasil,Armínio Fraga Neto,04/03/1999,01/01/2003,Exonerado
Diretor de Política Econômica - Dipec,Sérgio Ribeiro da Costa Werlang,04/03/1999,14/09/2000,Dispensado do encargo
Diretor de Assuntos Internacionais - Direx,Daniel Luiz Gleizer,04/03/1999,11/01/2002,Dispensado do encargo
Diretor de Política Monetária - Dipom,Luiz Fernando Figueiredo,04/03/1999,17/03/2003,Dispensado do encargo
Diretor de Administração - Dirad,Edison Bernardes dos Santos,04/03/1999,14/03/2003,Exonerado
Diretor de Fiscalização - Difis,Luiz Carlos Alvarez,04/03/1999,02/12/1999,Exonerado
"Diretor de Reestruturação do Sistema Financeiro Estadual e das Dívidas dos Estados, do Distrito Federal e dos Municípios - Direm",Luiz Carlos Alvarez,29/07/1999,12/08/1999,Dispensado do encargo
"Diretor de Reestruturação do Sistema Financeiro Estadual e das Dívidas dos Estados, do Distrito Federal e dos Municípios - Direm",Carlos Eduardo de Freitas,12/08/1999,01/12/1999,Dispensado do encargo
Diretor de Fiscalização - Difis,Carlos Eduardo de Freitas,29/11/1999,30/03/2000,Dispensado do encargo
Diretor de Finanças Públicas e Regimes Especiais - Difip,Carlos Eduardo de Freitas,01/12/1999,24/04/2002,Dispensado do encargo
Diretor de Fiscalização - Difis,Tereza Cristina Grossi Togni,30/03/2000,14/03/2003,Exonerado
Diretor de Política Econômica - Dipec,Ilan Goldfajn,14/09/2000,02/07/2003,Exonerado
Diretor para Estudos Especiais,Sérgio Ribeiro da Costa Werlang,14/09/2000,25/09/2000,Exonerado
Diretor para Estudos Especiais,Daniel Luiz Gleizer,11/01/2002,14/02/2002,Exonerado
Diretor de Assuntos Internacionais - Direx,Beny Parnes,11/01/2002,03/11/2003,Exonerado
Diretor de Liquidações e Desestatização - Dilid,Carlos Eduardo de Freitas,24/04/2002,08/05/2003,Exonerado
Presidente do Banco Central do Brasil,Henrique de Campos Meirelles,01/01/2003,01/01/2011,Exonerado
Diretor de Política Monetária - Dipom,Luiz Augusto de Oliveira Candiota,17/03/2003,29/07/2004,Exonerado
Diretor de Fiscalização - Difis,Paulo Sérgio Cavalheiro,17/03/2003,18/12/2007,Exonerado
Diretor de Administração - Dirad,João Antônio Fleury Teixeira,17/03/2003,31/10/2006,Exonerado
Diretor para Estudos Especiais,Luiz Fernando Figueiredo,17/03/2003,21/03/2003,Exonerado
Diretor de Liquidações e Desestatização - Dilid,Antonio Gustavo Matos do Vale,08/05/2003,25/03/2009,Dispensado do encargo
Diretor para Estudos Especiais,Afonso Sant'Anna Bevilaqua,26/06/2003,02/07/2003,Dispensado do encargo
Diretor de Política Econômica - Dipec,Afonso Sant'Anna Bevilaqua,02/07/2003,29/07/2004,Dispensado do encargo
Diretor de Estudos Especiais - Diesp,Eduardo Henrique de Mello Motta Loyo,21/08/2003,02/06/2005,Exonerado
Diretor de Assuntos Internacionais - Direx,Alexandre Schwartsman,03/11/2003,28/04/2006,Exonerado
Diretor de Política Monetária - Dipom,Afonso Sant'Anna Bevilaqua,29/07/2004,20/10/2004,Dispensado do encargo
Diretor de Política Econômica - Dipec,Eduardo Henrique de Mello Motta Loyo,29/07/2004,20/10/2004,Dispensado do encargo
Diretor de Política Econômica - Dipec,Afonso Sant'Anna Bevilaqua,20/10/2004,07/03/2007,Exonerado
Diretor de Política Monetária - Dipom,Rodrigo Telles da Rocha Azevedo,20/10/2004,27/04/2007,Exonerado
Diretor de Estudos Especiais - Diesp,Alexandre Antonio Tombini,03/06/2005,12/04/2006,Dispensado do encargo
Diretor de Normas e Organização do Sistema Financeiro - Dinor,Alexandre Antonio Tombini,12/04/2006,01/01/2011,Dispensado do encargo
Diretor de Estudos Especiais - Diesp,Sérgio Darcy da Silva Alves,12/04/2006,20/04/2006,Exonerado
Diretor de Estudos Especiais - Diesp,Afonso Sant'Anna Bevilaqua,20/04/2006,01/06/2006,Dispensado do encargo
Diretor de Assuntos Internacionais - Direx,Alexandre Antonio Tombini,28/04/2006,14/06/2006,Dispensado do encargo
Diretor de Estudos Especiais - Diesp,Mário Magalhães Carvalho Mesquita,01/06/2006,25/04/2007,Dispensado do encargo
Diretor de Assuntos Internacionais - Direx,Paulo Vieira da Cunha,14/06/2006,14/01/2008,Exonerado
Diretor de Administração - Dirad,Antonio Gustavo Matos do Vale,03/11/2006,07/12/2007,Dispensado do encargo
Diretor de Política Econômica - Dipec,Mário Magalhães Carvalho Mesquita,07/03/2007,31/03/2010,Dispensado do encargo
Diretor de Estudos Especiais - Diesp,Mario Gomes Torós,25/04/2007,23/05/2007,Dispensado do encargo
Diretor de Política Monetária - Dipom,Mario Gomes Torós,26/04/2007,07/12/2009,Exonerado
Diretor de Administração - Dirad,Anthero de Moraes Meirelles,26/04/2007,03/03/2011,Dispensado do encargo
Diretor de Fiscalização - Difis,Alvir Alberto Hoffmann,19/12/2007,02/03/2011,Exonerado
Diretor de Assuntos Internacionais - Direx,Alexandre Antonio Tombini,14/01/2008,20/01/2008,Dispensado do encargo
Diretor de Assuntos Internacionais - Direx,Maria Celina Berardinelli Arraes,21/01/2008,19/01/2010,Exonerado
Diretor de Liquidações e Controle de Operações do Crédito Rural - Dilid,Antonio Gustavo Matos do Vale,25/03/2009,02/03/2011,Exonerado
Diretor de Política Monetária - Dipom,Aldo Luiz Mendes,07/12/2009,07/07/2016,Exonerado
Diretor de Assuntos Internacionais - Direx,Aldo Luiz Mendes,18/01/2010,26/02/2010,Dispensado do encargo
Diretor de Assuntos Internacionais - Direx,Carlos Hamilton Vasconcelos Araújo,26/02/2010,27/04/2010,Dispensado do encargo
Diretor de Política Econômica - Dipec,Carlos Hamilton Vasconcelos Araújo,31/03/2010,05/02/2015,Exonerado
Diretor para Estudos Especiais,Mário Magalhães Carvalho Mesquita,31/03/2010,08/04/2010,Exonerado
Diretor de Assuntos Internacionais - Direx,Luiz Awazu Pereira da Silva,27/04/2010,04/05/2011,Dispensado do encargo
Presidente do Banco Central do Brasil,Alexandre Antonio Tombini,01/01/2011,09/06/2016,Exonerado
Diretor de Normas e Organização do Sistema Financeiro - Dinor,Luiz Awazu Pereira da Silva,04/01/2011,04/05/2011,Dispensado do encargo
Diretor de Fiscalização - Difis,Anthero de Moraes Meirelles,02/03/2011,19/09/2017,Exonerado
Diretor de Liquidações e Controle de Operações do Crédito Rural - Dilid,Sidnei Corrêa Marques,02/03/2011,04/05/2011,Dispensado do encargo
Diretor de Administração - Dirad,Altamir Lopes,03/03/2011,29/09/2015,Dispensado do encargo
Diretor de Organização do Sistema Financeiro e Controle de Operações do Crédito Rural - Diorf,Sidnei Corrêa Marques,04/05/2011,22/12/2016,Dispensado do encargo
Diretor de Assuntos Internacionais e de Gestão de Riscos Corporativos - Direx,Luiz Awazu Pereira da Silva,04/05/2011,27/04/2015,Dispensado do encargo
Diretor de Regulação do Sistema Financeiro - Dinor,Luiz Awazu Pereira da Silva,04/05/2011,25/06/2013,Dispensado do encargo
Diretor de Assuntos Especiais - Diasp,Luiz Edson Feltrim,28/06/2012,13/09/2012,Dispensado do encargo
Diretor de Relacionamento Institucional e Cidadania - Direc,Luiz Edson Feltrim,13/09/2012,07/07/2016,Dispensado do encargo
Diretor de Regulação - Dinor,Luiz Awazu Pereira da Silva,25/06/2013,05/02/2015,Dispensado do encargo
Diretor de Regulação - Dinor,Anthero de Moraes Meirelles,05/02/2015,27/04/2015,Dispensado do encargo
Diretor de Política Econômica - Dipec,Luiz Awazu Pereira da Silva,05/02/2015,29/09/2015,Exonerado
Diretor de Regulação - Dinor,Otávio Ribeiro Damaso,24/04/2015,31/12/2024,Exonerado
Diretor de Assuntos Internacionais e de Gestão de Riscos Corporativos - Direx,Tony Volpon,27/04/2015,07/07/2016,Exonerado
Diretor de Administração - Dirad,Luiz Edson Feltrim,29/09/2015,19/09/2017,Exonerado
Diretor de Política Econômica - Dipec,Altamir Lopes,29/09/2015,29/06/2016,Exonerado
Presidente do Banco Central do Brasil,Ilan Goldfajn,09/06/2016,28/02/2019,Exonerado
Diretor de Política Econômica - Dipec,Aldo Luiz Mendes,29/06/2016,07/07/2016,Exonerado
Diretor de Política Monetária - Dipom,Reinaldo Le Grazie,07/07/2016,21/12/2018,Exonerado
Diretor de Política Econômica - Dipec,Carlos Viana de Carvalho,07/07/2016,21/12/2018,Dispensado do encargo
Diretor de Relacionamento Institucional e Cidadania - Direc,Isaac Sidney Menezes Ferreira,07/07/2016,26/04/2018,Exonerado
Diretor de Assuntos Internacionais e de Gestão de Riscos Corporativos - Direx,Tiago Couto Berriel,07/07/2016,21/06/2019,Exonerado
Diretor de Organização do Sistema Financeiro e de Resolução - Diorf,Sidnei Corrêa Marques,22/12/2016,28/02/2019,Exonerado
Diretor de Fiscalização - Difis,Paulo Sérgio Neves de Souza,19/09/2017,12/07/2023,Exonerado
Diretor de Administração - Dirad,Mauricio Costa de Moura,19/09/2017,27/04/2018,Dispensado do encargo
Diretor de Administração - Dirad,Carolina de Assis Barros,26/04/2018,02/01/2024,Dispensado do encargo
Diretor de Relacionamento Institucional e Cidadania - Direc,Mauricio Costa de Moura,27/04/2018,06/06/2019,Dispensado do encargo
Diretor de Política Monetária - Dipom,Carlos Viana de Carvalho,21/12/2018,28/02/2019,Dispensado do encargo
Diretor de Política Econômica - Dipec,Tiago Couto Berriel,21/12/2018,28/02/2019,Dispensado do encargo
Diretor de Política Monetária - Dipom,Bruno Serra Fernandes,28/02/2019,23/03/2023,Exonerado
Diretor de Política Econômica - Dipec,Carlos Viana de Carvalho,28/02/2019,02/10/2019,Exonerado
Diretor de Organização do Sistema Financeiro e de Resolução - Diorf,João Manoel Pinho de Mello,28/02/2019,08/02/2022,Exonerado
Presidente do Banco Central do Brasil,Roberto de Oliveira Campos Neto,28/02/2019,31/12/2024,Exonerado
"Diretor de Relacionamento Institucional, Cidadania e Supervisão de Conduta - Direc",Mauricio Costa de Moura,06/06/2019,02/01/2024,Exonerado
Diretor de Assuntos Internacionais e de Gestão de Riscos Corporativos - Direx,João Manoel Pinho de Mello,21/06/2019,05/07/2019,Dispensado do encargo
Diretor de Assuntos Internacionais e de Gestão de Riscos Corporativos - Direx,Fernanda Feitosa Nechio,05/07/2019,07/05/2021,Exonerado
Diretor de Política Econômica - Dipec,Mauricio Costa de Moura,01/10/2019,01/10/2019,Dispensado do encargo
Diretor de Política Econômica - Dipec,Otávio Ribeiro Damaso,02/10/2019,02/10/2019,Dispensado do encargo
Diretor de Política Econômica - Dipec,Bruno Serra Fernandes,03/10/2019,09/12/2019,Dispensado do encargo
Diretor de Política Econômica - Dipec,Fábio Kanczuk,06/12/2019,30/12/2021,Exonerado
Diretor de Assuntos Internacionais e de Gestão de Riscos Corporativos - Direx,João Manoel Pinho de Mello,07/05/2021,26/07/2021,Dispensado do encargo
Diretor de Assuntos Internacionais e de Gestão de Riscos Corporativos - Direx,Fernanda Magalhães Rumenos Guardado,26/07/2021,02/01/2024,Exonerado
Diretor de Política Econômica - Dipec,Fernanda Magalhães Rumenos Guardado,31/12/2021,25/04/2022,Dispensado do encargo
Diretor de Organização do Sistema Financeiro e de Resolução - Diorf,Otávio Ribeiro Damaso,09/02/2022,24/04/2022,Dispensado do encargo
Diretor de Organização do Sistema Financeiro e de Resolução - Diorf,Renato Dias de Brito Gomes,25/04/2022,31/12/2025,Exonerado
Diretor de Política Econômica - Dipec,Diogo Abry Guillen,25/04/2022,31/12/2025,Exonerado
Diretor de Política Monetária - Dipom,Diogo Abry Guillen,23/03/2023,12/07/2023,Dispensado do encargo
Diretor de Política Monetária - Dipom,Gabriel Muricca Galípolo,12/07/2023,31/12/2024,Dispensado do encargo
Diretor de Fiscalização - Difis,Ailton de Aquino Santos,12/07/2023,em exercício,Em exercício
Diretor de Assuntos Internacionais e de Gestão de Riscos Corporativos - Direx,Paulo Picchetti,02/01/2024,em exercício,Em exercício
"Diretor de Relacionamento Institucional, Cidadania e Supervisão de Conduta - Direc",Carolina de Assis Barros,02/01/2024,31/12/2024,Exonerado
Diretor de Administração - Dirad,Rodrigo Alves Teixeira,02/01/2024,em exercício,Em exercício
Presidente do Banco Central do Brasil,Gabriel Muricca Galípolo,01/01/2025,em exercício,Em exercício
Diretor de Cidadania e Supervisão de Conduta - Direc,Izabela Moreira Correa,01/01/2025,em exercício,Em exercício
Diretor de Política Monetária - Dipom,Nilton José Schneider David,01/01/2025,em exercício,Em exercício
Diretor de Regulação - Dinor,Gilneu Francisco Astolfi Vivan,01/01/2025,em exercício,Em exercício
Diretor de Política Econômica - Dipec,Paulo Picchetti,01/01/2026,em exercício,Em exercício
Diretor de Organização do Sistema Financeiro e de Resolução - Diorf,Gilneu Francisco Astolfi Vivan,01/01/2026,em exercício,Em exercício
