ordem,selic,inicio,fim,n_pregao
1,45.0,1999-03-05,1999-03-24,14
2,42.0,1999-03-25,1999-04-05,6
3,39.5,1999-04-06,1999-04-14,7
4,34.0,1999-04-15,1999-04-28,9
5,32.0,1999-04-29,1999-05-07,7
6,29.5,1999-05-10,1999-05-12,3
7,27.0,1999-05-13,1999-05-19,5
8,23.5,1999-05-20,1999-06-08,13
9,22.0,1999-06-09,1999-06-23,11
10,21.0,1999-06-24,1999-07-28,25
11,19.5,1999-07-29,1999-09-22,39
12,19.0,1999-09-23,2000-03-28,129
13,18.5,2000-03-29,2000-06-20,58
14,17.5,2000-06-21,2000-07-07,12
15,17.0,2000-07-10,2000-07-19,8
16,16.5,2000-07-20,2000-12-20,106
17,15.75,2000-12-21,2001-01-17,18
18,15.25,2001-01-18,2001-03-21,43
19,15.75,2001-03-22,2001-04-18,19
20,16.25,2001-04-19,2001-05-23,24
21,16.75,2001-05-24,2001-06-20,19
22,18.25,2001-06-21,2001-07-18,20
23,19.0,2001-07-19,2002-02-20,147
24,18.75,2002-02-21,2002-03-20,20
25,18.5,2002-03-21,2002-07-17,82
26,18.0,2002-07-18,2002-10-14,63
27,21.0,2002-10-15,2002-11-20,26
28,22.0,2002-11-21,2002-12-18,20
29,25.0,2002-12-19,2003-01-22,23
30,25.5,2003-01-23,2003-02-19,20
31,26.5,2003-02-20,2003-06-18,80
32,26.0,2003-06-20,2003-07-23,24
33,24.5,2003-07-24,2003-08-20,20
34,22.0,2003-08-21,2003-09-17,20
35,20.0,2003-09-18,2003-10-22,25
36,19.0,2003-10-23,2003-11-19,20
37,17.5,2003-11-20,2003-12-17,20
38,16.5,2003-12-18,2004-03-17,61
39,16.25,2004-03-18,2004-04-14,19
40,16.0,2004-04-15,2004-09-15,107
41,16.25,2004-09-16,2004-10-20,24
42,16.75,2004-10-21,2004-11-17,18
43,17.25,2004-11-18,2004-12-15,20
44,17.75,2004-12-16,2005-01-19,25
45,18.25,2005-01-20,2005-02-16,18
46,18.75,2005-02-17,2005-03-16,20
47,19.25,2005-03-17,2005-04-20,24
48,19.5,2005-04-22,2005-05-18,19
49,19.75,2005-05-19,2005-09-14,83
50,19.5,2005-09-15,2005-10-19,24
51,19.0,2005-10-20,2005-11-23,23
52,18.5,2005-11-24,2005-12-14,15
53,18.0,2005-12-15,2006-01-18,25
54,17.25,2006-01-19,2006-03-08,33
55,16.5,2006-03-09,2006-04-19,29
56,15.75,2006-04-20,2006-05-31,28
57,15.25,2006-06-01,2006-07-19,34
58,14.75,2006-07-20,2006-08-30,30
59,14.25,2006-08-31,2006-10-18,33
60,13.75,2006-10-19,2006-11-29,28
61,13.25,2006-11-30,2007-01-24,38
62,13.0,2007-01-25,2007-03-07,28
63,12.75,2007-03-08,2007-04-18,29
64,12.5,2007-04-19,2007-06-06,34
65,12.0,2007-06-08,2007-07-18,29
66,11.5,2007-07-19,2007-09-05,35
67,11.25,2007-09-06,2008-04-16,151
68,11.75,2008-04-17,2008-06-04,32
69,12.25,2008-06-05,2008-07-23,35
70,13.0,2008-07-24,2008-09-10,35
71,13.75,2008-09-11,2009-01-21,93
72,12.75,2009-01-22,2009-03-11,33
73,11.25,2009-03-12,2009-04-29,33
74,10.25,2009-04-30,2009-06-10,29
75,9.25,2009-06-12,2009-07-22,29
76,8.75,2009-07-23,2010-04-28,191
77,9.5,2010-04-29,2010-06-09,29
78,10.25,2010-06-10,2010-07-21,30
79,10.75,2010-07-22,2011-01-19,126
80,11.25,2011-01-20,2011-03-02,30
81,11.75,2011-03-03,2011-04-20,33
82,12.0,2011-04-25,2011-06-08,33
83,12.25,2011-06-09,2011-07-20,29
84,12.5,2011-07-21,2011-08-31,30
85,12.0,2011-09-01,2011-10-19,33
86,11.5,2011-10-20,2011-11-30,28
87,11.0,2011-12-01,2012-01-18,35
88,10.5,2012-01-19,2012-03-07,33
89,9.75,2012-03-08,2012-04-18,29
90,9.0,2012-04-19,2012-05-30,29
91,8.5,2012-05-31,2012-07-11,29
92,8.0,2012-07-12,2012-08-29,35
93,7.5,2012-08-30,2012-10-10,29
94,7.25,2012-10-11,2013-04-17,127
95,7.5,2013-04-18,2013-05-29,29
96,8.0,2013-05-31,2013-07-10,29
97,8.5,2013-07-11,2013-08-28,35
98,9.0,2013-08-29,2013-10-09,30
99,9.5,2013-10-10,2013-11-27,34
100,10.0,2013-11-28,2014-01-15,33
101,10.5,2014-01-16,2014-02-26,30
102,10.75,2014-02-27,2014-04-02,23
103,11.0,2014-04-03,2014-10-29,146
104,11.25,2014-10-30,2014-12-03,25
105,11.75,2014-12-04,2015-01-21,33
106,12.25,2015-01-22,2015-03-04,28
107,12.75,2015-03-05,2015-04-29,38
108,13.25,2015-04-30,2015-06-03,24
109,13.75,2015-06-05,2015-07-29,39
110,14.25,2015-07-30,2016-10-19,308
111,14.0,2016-10-20,2016-11-30,28
112,13.75,2016-12-01,2017-01-11,30
113,13.0,2017-01-12,2017-02-22,30
114,12.25,2017-02-23,2017-04-12,33
115,11.25,2017-04-13,2017-05-31,32
116,10.25,2017-06-01,2017-07-26,39
117,9.25,2017-07-27,2017-09-06,30
118,8.25,2017-09-08,2017-10-25,33
119,7.5,2017-10-26,2017-12-06,28
120,7.0,2017-12-07,2018-02-07,43
121,6.75,2018-02-08,2018-03-21,28
122,6.5,2018-03-22,2019-07-31,341
123,6.0,2019-08-01,2019-09-18,35
124,5.5,2019-09-19,2019-10-30,30
125,5.0,2019-10-31,2019-12-11,29
126,4.5,2019-12-12,2020-02-05,38
127,4.25,2020-02-06,2020-03-18,28
128,3.75,2020-03-19,2020-05-06,32
129,3.0,2020-05-07,2020-06-17,29
130,2.25,2020-06-18,2020-08-05,35
131,2.0,2020-08-06,2021-03-17,153
132,2.75,2021-03-18,2021-05-05,33
133,3.5,2021-05-06,2021-06-16,29
134,4.25,2021-06-17,2021-08-04,35
135,5.25,2021-08-05,2021-09-22,34
136,6.25,2021-09-23,2021-10-27,24
137,7.75,2021-10-28,2021-12-08,28
138,9.25,2021-12-09,2022-02-02,40
139,10.75,2022-02-03,2022-03-16,28
140,11.75,2022-03-17,2022-05-04,33
141,12.75,2022-05-05,2022-06-15,30
142,13.25,2022-06-17,2022-08-03,34
143,13.75,2022-08-04,2023-08-02,250
144,13.25,2023-08-03,2023-09-20,34
145,12.75,2023-09-21,2023-11-01,29
146,12.25,2023-11-03,2023-12-13,28
147,11.75,2023-12-14,2024-01-31,33
148,11.25,2024-02-01,2024-03-20,33
149,10.75,2024-03-21,2024-05-08,33
150,10.5,2024-05-09,2024-09-18,94
151,10.75,2024-09-19,2024-11-06,35
152,11.25,2024-11-07,2024-12-11,23
153,12.25,2024-12-12,2025-01-29,33
154,13.25,2025-01-30,2025-03-19,33
155,14.25,2025-03-20,2025-05-07,32
156,14.75,2025-05-08,2025-06-18,30
157,15.0,2025-06-20,2026-03-18,189
158,14.75,2026-03-19,2026-04-29,28
159,14.5,2026-04-30,2026-06-17,33
160,14.25,2026-06-18,2026-08-05,35
161,14.0,2026-08-06,2026-08-21,12
