mes,ano,selic_am,selic_cf_am,ipca_acum_ano_pct,selic_cf_acum_ano_pct,estoque_selic_act,estoque_selic_cf,juros_selic_act,juros_selic_cf,emissao_selic,residuo_selic,dbgg_act,dbgg_cf,delta_estoque_selic,delta_dbgg,dbgg_pib_cf,dbgg_pib_act
2006-12-01,2006,,,,,475199.59435873,475199.59435873,0.00000000,0.00000000,0.00000000,0.00000000,1336644.90163872,1336644.90163872,0.00000000,0.00000000,46.49000000,46.49000000
2007-01-01,2007,1.08000000,0.39364223,4.45733043,4.82733043,522852.01654369,519271.84613175,5633.48186632,2053.31145438,42018.94031857,0.00000007,1367451.90800499,1363871.73759305,3580.17041194,3580.17041194,45.82969681,45.95000000
2007-02-01,2007,0.87000000,0.39364223,4.45733043,4.82733043,530141.59328233,524312.28348056,4084.62214782,1835.48275799,3204.95459081,0.00000001,1399083.70891168,1393254.39910991,5829.30980177,5829.30980177,45.66892341,45.86000000
2007-03-01,2007,1.05000000,0.39364223,4.45733043,4.82733043,524932.65431261,515631.17671397,5518.16638954,2045.99859266,-10727.10535928,0.00000002,1423273.44757427,1413971.96997563,9301.47759864,9301.47759864,45.51061924,45.81000000
2007-04-01,2007,0.94000000,0.39364223,4.45733043,4.82733043,543461.90527526,530952.24691964,5450.04664638,2241.86588941,13079.20431635,-0.00000008,1438854.85048596,1426345.19213034,12509.65835562,12509.65835562,44.68806651,45.08000000
2007-05-01,2007,1.03000000,0.39364223,4.45733043,4.82733043,568917.93949478,552994.02573743,5448.68388971,2034.42848798,20007.35032978,0.00000003,1474335.19997348,1458411.28621613,15923.91375735,15923.91375735,44.74148245,45.23000000
2007-06-01,2007,0.91000000,0.39364223,4.45733043,4.82733043,546778.63195456,527949.46955873,5013.07896715,2107.83032867,-27152.38650738,0.00000001,1499458.72639250,1480629.56399667,18829.16239583,18829.16239583,44.23743268,44.80000000
2007-07-01,2007,0.97000000,0.39364223,4.45733043,4.82733043,604562.80045891,582330.47811052,5595.84662374,2192.68667118,52188.32188062,-0.00000001,1517873.99883538,1495641.67648699,22232.32234839,22232.32234839,44.07483905,44.73000000
2007-08-01,2007,0.99000000,0.39364223,4.45733043,4.82733043,606179.61070775,580239.49513319,6009.35340821,2301.56018204,-4392.54315939,0.00000002,1536267.52585414,1510327.41027958,25940.11557456,25940.11557456,43.34553351,44.09000000
2007-09-01,2007,0.80000000,0.39364223,4.45733043,4.82733043,589138.29087845,560690.50675587,4740.36267182,2232.69412380,-21781.68250112,0.00000000,1533431.75613669,1504983.97201411,28447.78412258,28447.78412258,43.76277917,44.59000000
2007-10-01,2007,0.93000000,0.39364223,4.45733043,4.82733043,619556.76110118,587510.37613422,6026.11811498,2427.51727060,24392.35210779,-0.00000004,1538287.06165638,1506240.67668942,32046.38496696,32046.38496696,43.67086993,44.60000000
2007-11-01,2007,0.84000000,0.39364223,4.45733043,4.82733043,602166.63923225,567303.95042281,5068.78073146,2252.47688898,-22458.90260039,0.00000000,1544955.73085466,1510093.04204522,34862.68880944,34862.68880944,43.11463607,44.11000000
2007-12-01,2007,0.84000000,0.39364223,4.45733043,4.82733043,580232.78893847,542559.86139205,5031.67719635,2221.43845937,-26965.52749011,-0.00000002,1542851.83360594,1505178.90605952,37672.92754642,37672.92754642,43.46219047,44.55000000
2008-01-01,2008,0.93000000,0.50824226,5.90231342,6.27231342,648342.47563314,607899.23436359,5665.43119259,2895.11746945,62444.25550201,0.00000007,1579474.28477737,1539031.04350782,40443.24126955,40443.24126955,42.59078325,43.71000000
2008-02-01,2008,0.80000000,0.50824226,5.90231342,6.27231342,628110.79368393,585649.97052491,4989.97555813,2972.39366866,-25221.65750725,-0.00000009,1583893.91637378,1541433.09321476,42460.82315902,42460.82315902,42.61608335,43.79000000
2008-03-01,2008,0.84000000,0.50824226,5.90231342,6.27231342,621953.79109755,577184.09632737,5297.38009844,2988.50848728,-11454.38268490,0.00000008,1599048.51215762,1554278.81738744,44769.69477018,44769.69477018,41.79609852,43.00000000
2008-04-01,2008,0.90000000,0.50824226,5.90231342,6.27231342,677066.61177305,629264.37213747,6371.75210212,3339.20723673,48741.06857345,-0.00000007,1602356.93430416,1554554.69466858,47802.23963558,47802.23963558,41.54257432,42.82000000
2008-05-01,2008,0.88000000,0.50824226,5.90231342,6.27231342,663408.74984930,612949.35062124,5736.18079097,3079.02119848,-19394.04271482,0.00000010,1598411.02302704,1547951.62379898,50459.39922806,50459.39922806,41.67160850,43.03000000
2008-06-01,2008,0.96000000,0.50824226,5.90231342,6.27231342,662636.05240933,608955.36036115,6305.76305240,3084.47023228,-7078.46049232,-0.00000005,1612136.72841997,1558456.03637179,53680.69204818,53680.69204818,41.46185508,42.89000000
2008-07-01,2008,1.07000000,0.50824226,5.90231342,6.27231342,741866.72246238,684070.33533779,7303.97796139,3188.28288499,71926.69209164,0.00000002,1632713.67640253,1574917.28927794,57796.38712459,57796.38712459,41.22704790,42.74000000
2008-08-01,2008,1.02000000,0.50824226,5.90231342,6.27231342,729501.00520514,667772.52612907,7274.34551950,3342.25356801,-19640.06277674,0.00000000,1634590.61511133,1572862.13603526,61728.47907607,61728.47907607,40.43316188,42.02000000
2008-09-01,2008,1.10000000,0.50824226,5.90231342,6.27231342,719499.36502673,653194.13886711,7931.17246954,3354.42538600,-17932.81264798,0.00000003,1656166.53259399,1589861.30643437,66305.22615962,66305.22615962,38.36018695,39.96000000
2008-10-01,2008,1.18000000,0.50824226,5.90231342,6.27231342,742373.80756093,670653.08678604,8892.75166380,3477.25704852,13981.69087046,-0.00000006,1684285.47438664,1612564.75361175,71720.72077489,71720.72077489,36.66909856,38.30000000
2008-11-01,2008,1.02000000,0.50824226,5.90231342,6.27231342,726527.36351798,650783.96029721,7315.80662448,3293.12417860,-23162.25066742,-0.00000001,1687694.47632638,1611951.07310561,75743.40322077,75743.40322077,35.29169111,36.95000000
2008-12-01,2008,1.12000000,0.50824226,5.90231342,6.27231342,754748.91465760,673929.53958252,8552.29701564,3476.32516133,19669.25412393,0.00000005,1740887.81455873,1660068.43948365,80819.37507508,80819.37507508,35.82584171,37.57000000
2009-01-01,2009,1.05000000,0.38203848,4.31202833,4.68202833,850848.08416209,764332.72334489,8437.06132286,2741.07558074,87662.10818163,0.00000000,1775483.00270070,1688967.64188350,86515.36081720,86515.36081720,36.19590764,38.05000000
2009-02-01,2009,0.86000000,0.38203848,4.31202833,4.68202833,847366.17249615,756651.60640675,6987.73749205,2788.53221985,-10469.64915798,-0.00000001,1791071.98833643,1700357.42224703,90714.56608940,90714.56608940,36.09435557,38.02000000
2009-03-01,2009,0.97000000,0.38203848,4.31202833,4.68202833,841734.13009426,745637.22072936,8302.11558526,2919.77230976,-13934.15798715,0.00000000,1812527.09966771,1716430.19030281,96096.90936490,96096.90936490,36.02318798,38.04000000
2009-04-01,2009,0.84000000,0.38203848,4.31202833,4.68202833,853924.49299965,753278.15911766,7619.00142701,3069.57690992,4571.36147840,-0.00000002,1797074.17351202,1696427.83963003,100646.33388199,100646.33388199,36.48538105,38.65000000
2009-05-01,2009,0.77000000,0.38203848,4.31202833,4.68202833,884404.01596601,780003.43443739,6676.30166323,2922.05401660,23803.22130309,0.00000004,1813137.24722316,1708736.66569454,104400.58152862,104400.58152862,37.37637416,39.66000000
2009-06-01,2009,0.76000000,0.38203848,4.31202833,4.68202833,883796.80466857,775620.30941245,6783.18974470,3007.27601721,-7390.40104208,-0.00000006,1859801.54945205,1751625.05419593,108176.49525612,108176.49525612,37.65453883,39.98000000
2009-07-01,2009,0.79000000,0.38203848,4.31202833,4.68202833,947379.12366540,835290.35086729,6796.88456737,2884.60702538,56785.43442940,0.00000006,1908617.46290886,1796528.69011075,112088.77279811,112088.77279811,38.25330502,40.64000000
2009-08-01,2009,0.69000000,0.38203848,4.31202833,4.68202833,944103.44911524,828703.05283198,6470.17122972,3158.54774457,-9745.84577983,-0.00000005,1951925.04515341,1836524.64887015,115400.39628326,115400.39628326,38.22790054,40.63000000
2009-09-01,2009,0.69000000,0.38203848,4.31202833,4.68202833,942829.52454721,824025.09029487,6622.65786658,3218.61989751,-7896.58243464,0.00000003,1962852.33866988,1844047.90441754,118804.43425234,118804.43425234,39.04452179,41.56000000
2009-10-01,2009,0.69000000,0.38203848,4.31202833,4.68202833,984749.80539312,862258.63115268,7143.60948706,3456.86949896,34776.67135884,0.00000001,1983867.71854776,1861376.54430732,122491.17424044,122491.17424044,38.86257927,41.42000000
2009-11-01,2009,0.66000000,0.38203848,4.31202833,4.68202833,964397.12613801,838923.71725374,6047.25126051,3065.01661668,-26399.93051558,-0.00000004,1980097.86342176,1854624.45453749,125473.40888427,125473.40888427,38.34574370,40.94000000
2009-12-01,2009,0.73000000,0.38203848,4.31202833,4.68202833,931465.69848925,802087.48526355,7168.07855957,3263.27421814,-40099.50620839,0.00000006,1973423.68412051,1844045.47089481,129378.21322570,129378.21322570,38.19989567,40.88000000
2010-01-01,2010,0.66000000,0.50877463,5.90906835,6.27906835,1027335.65107123,896008.35235754,5797.37598756,3848.29049957,90072.57659446,-0.00000004,2015576.95170473,1884249.65299104,131327.29871369,131327.29871369,37.01046675,39.59000000
2010-02-01,2010,0.59000000,0.50877463,5.90906835,6.27906835,998966.12165380,866251.87243868,5594.70221931,4207.75171788,-33964.23163677,0.00000003,2014967.23917132,1882252.98995620,132714.24921512,132714.24921512,37.19728669,39.82000000
2010-03-01,2010,0.76000000,0.50877463,5.90906835,6.27906835,905828.28974239,770017.40647347,7381.79780106,4285.16374727,-100519.62971245,-0.00000002,1947898.93438518,1812088.05111627,135810.88326892,135810.88326892,37.12740576,39.91000000
2010-04-01,2010,0.67000000,0.50877463,5.90906835,6.27906835,872216.03878561,734227.27469489,6143.76170011,3965.88087830,-39756.01265686,-0.00000003,1968164.59715510,1830175.83306437,137988.76409072,137988.76409072,36.70274338,39.47000000
2010-05-01,2010,0.75000000,0.50877463,5.90906835,6.27906835,869332.98007357,728794.27050993,5944.55770511,3394.61223220,-8827.61641712,-0.00000003,1991352.70085441,1850813.99129077,140538.70956364,140538.70956364,36.21971196,38.97000000
2010-06-01,2010,0.79000000,0.50877463,5.90906835,6.27906835,859864.65602122,716110.49675396,6988.66089168,3773.21118805,-16456.98494411,0.00000008,2010317.66013189,1866563.50086463,143754.15926726,143754.15926726,36.10904684,38.89000000
2010-07-01,2010,0.86000000,0.50877463,5.90906835,6.27906835,894058.10544840,747149.22399423,6218.57377611,3063.85158920,27974.87565110,-0.00000003,2027615.01900785,1880706.13755368,146908.88145417,146908.88145417,36.16501733,38.99000000
2010-08-01,2010,0.89000000,0.50877463,5.90906835,6.27906835,889277.46585216,738346.92419969,7700.25817780,3678.59797951,-12480.89777402,-0.00000002,2034861.82167483,1883931.28002236,150930.54165247,150930.54165247,35.88507860,38.76000000
2010-09-01,2010,0.85000000,0.50877463,5.90906835,6.27906835,883999.71370355,729186.08211439,7719.39199972,3836.30206303,-12997.14414833,0.00000000,2057909.39707811,1903095.76548895,154813.63158916,154813.63158916,35.34476312,38.22000000
2010-10-01,2010,0.81000000,0.50877463,5.90906835,6.27906835,911063.05715813,752553.50800576,7669.71825649,3973.80069328,19393.62519804,0.00000005,2087755.65364188,1929246.10448951,158509.54915237,158509.54915237,35.01326162,37.89000000
2010-11-01,2010,0.81000000,0.50877463,5.90906835,6.27906835,903465.40570566,741445.18654042,7296.18933657,3785.51932370,-14893.84078903,-0.00000001,2099149.01683170,1937128.79766646,162020.21916524,162020.21916524,34.85476929,37.77000000
2010-12-01,2010,0.93000000,0.50877463,5.90906835,6.27906835,787279.46627474,621172.05448806,7417.26693986,3330.07431843,-123603.20637082,0.00000004,2011521.66204921,1845414.25026253,166107.41178668,166107.41178668,34.84368801,37.98000000
2011-01-01,2011,0.86000000,0.55547078,6.50310904,6.87310904,909826.71036267,741057.85887471,5427.29144999,2765.85174870,117119.95263797,-0.00000003,2058854.32328407,1890085.47179611,168768.85148796,168768.85148796,34.49030384,37.57000000
2011-02-01,2011,0.84000000,0.55547078,6.50310904,6.87310904,904301.36807441,731924.19264650,7820.57091863,4212.24697869,-13345.91320684,-0.00000005,2083421.75046490,1911044.57503699,172377.17542791,172377.17542791,34.38816990,37.49000000
2011-03-01,2011,0.92000000,0.55547078,6.50310904,6.87310904,902031.09606930,725333.42755079,8449.71769843,4129.22460783,-10719.98970360,0.00000006,2112891.08633364,1936193.41781513,176697.66851851,176697.66851851,34.39142672,37.53000000
2011-04-01,2011,0.84000000,0.55547078,6.50310904,6.87310904,895230.13384041,714818.26135029,7931.90147121,4217.69749960,-14732.86370010,0.00000000,2135389.03119578,1954977.15870566,180411.87249012,180411.87249012,34.25850944,37.42000000
2011-05-01,2011,0.99000000,0.55547078,6.50310904,6.87310904,904297.35674857,719560.81772458,7834.67197941,3510.00544554,1232.55092883,-0.00000008,2146725.95788381,1961989.41885982,184736.53902399,184736.53902399,34.04445061,37.25000000
2011-06-01,2011,0.96000000,0.55547078,6.50310904,6.87310904,867771.27645885,678403.76359996,8582.41876512,3951.44493022,-45108.49905489,0.00000005,2177090.41137277,1987722.89851388,189367.51285889,189367.51285889,33.85471026,37.08000000
2011-07-01,2011,0.97000000,0.55547078,6.50310904,6.87310904,972320.93023843,778886.77385081,7362.90508993,3296.26156120,97186.74868969,-0.00000004,2204280.74100639,2010846.58461877,193434.15638762,193434.15638762,33.58890266,36.82000000
2011-08-01,2011,1.07000000,0.55547078,6.50310904,6.87310904,958051.55098475,759239.52615482,9206.39616846,3828.52772614,-23475.77542214,-0.00000000,2216647.63841009,2017835.61358016,198812.02482993,198812.02482993,33.27181569,36.55000000
2011-09-01,2011,0.94000000,0.55547078,6.50310904,6.87310904,923421.95025925,719806.96888536,9033.19196171,4230.23541776,-43662.79268729,0.00000008,2226487.18662189,2022872.20524800,203614.98137389,203614.98137389,31.49938602,34.67000000
2011-10-01,2011,0.88000000,0.55547078,6.50310904,6.87310904,931638.06893714,723612.59593730,8682.63744925,4272.14582330,-466.51877129,-0.00000007,2226255.49167493,2018230.01867509,208025.47299984,208025.47299984,32.31879739,35.65000000
2011-11-01,2011,0.86000000,0.55547078,6.50310904,6.87310904,921825.01569339,710230.30750836,7162.45136126,3593.21617607,-16975.50460506,0.00000005,2245928.12983178,2034333.42164675,211594.70818503,211594.70818503,31.48517034,34.76000000
2011-12-01,2011,0.91000000,0.55547078,6.50310904,6.87310904,869045.48143523,653061.53982226,8286.18763778,3896.95420984,-61065.72189589,-0.00000005,2243603.71512325,2027619.77351028,215983.94161297,215983.94161297,31.15169275,34.47000000
2012-01-01,2012,0.89000000,0.50321696,5.83856900,6.20856900,985924.02481136,764991.50315436,8604.58530587,3656.00526184,108273.95807023,0.00000003,2287084.43500277,2066151.91334577,220932.52165700,220932.52165700,31.61899747,35.00000000
2012-02-01,2012,0.75000000,0.50321696,5.83856900,6.20856900,929658.45972208,705385.18509581,6968.66517794,3627.91220867,-64604.55084569,1370.32057847,2322815.99843839,2098542.72381212,224273.27462627,224273.27462627,31.75618594,35.15000000
2012-03-01,2012,0.82000000,0.50321696,5.83856900,6.20856900,930340.14750673,702297.70783926,7053.52201808,3284.35697688,-6371.83423342,-0.00000001,2366667.45596964,2138625.01630217,228042.43966747,228042.43966747,30.95884590,34.26000000
2012-04-01,2012,0.71000000,0.50321696,5.83856900,6.20856900,973145.72042484,741896.56871100,6896.56840149,3689.85635512,35909.00451274,0.00000388,2405973.84435892,2174724.69264508,231249.15171384,231249.15171384,30.28016176,33.50000000
2012-05-01,2012,0.74000000,0.50321696,5.83856900,6.20856900,924837.14230739,690636.16068316,6129.58023748,3177.75032709,-54438.15835108,-0.00000385,2425795.72774399,2191594.74611976,234200.98162423,234200.98162423,29.60618613,32.77000000
2012-06-01,2012,0.64000000,0.50321696,5.83856900,6.20856900,866337.51173886,629504.78971937,6374.78266496,3743.04226970,-64874.41323350,0.00000001,2449693.35819873,2212860.63617924,236832.72201949,236832.72201949,29.61087820,32.78000000
2012-07-01,2012,0.68000000,0.50321696,5.83856900,6.20856900,989554.67560584,749744.81610006,6440.15346190,3463.01597561,116777.01040511,-0.00000003,2480227.82813349,2240417.96862771,239809.85950578,239809.85950578,29.36665226,32.51000000
2012-08-01,2012,0.69000000,0.50321696,5.83856900,6.20856900,1012121.24045866,769286.91411712,6759.49938074,3735.03254498,15807.06547212,-0.00000004,2491332.22375991,2248497.89741837,242834.32634154,242834.32634154,29.42242338,32.60000000
2012-09-01,2012,0.54000000,0.50321696,5.83856900,6.20856900,998719.81842010,754300.04703546,5435.19273045,3849.74768734,-18836.61476905,0.00000004,2542432.69279514,2298012.92141050,244419.77138464,244419.77138464,29.48403775,32.62000000
2012-10-01,2012,0.61000000,0.50321696,5.83856900,6.20856900,1020661.97005254,774036.17581822,5852.36255882,3646.33970915,16089.78907367,-0.00000005,2590520.15177164,2343894.35753732,246625.79423432,246625.79423432,29.35160837,32.44000000
2012-11-01,2012,0.55000000,0.50321696,5.83856900,6.20856900,1010464.61809839,762136.94359387,5559.15845327,3857.27818307,-15756.51040743,0.00000001,2615831.54896786,2367503.87446334,248327.67450452,248327.67450452,29.03456238,32.08000000
2012-12-01,2012,0.55000000,0.50321696,5.83856900,6.20856900,929446.57743525,679502.10630466,5216.95419565,3600.15756958,-87003.25092788,768.25606909,2583946.35443261,2334001.88330202,249944.47113059,249944.47113059,29.07626952,32.19000000
2013-01-01,2013,0.60000000,0.50891252,5.91081808,6.28081808,1054891.22817647,802459.70974181,6546.49866390,4059.45135982,118898.15207734,-0.00000002,2623366.10844450,2370934.59000984,252431.51843466,252431.51843466,29.07446487,32.17000000
2013-02-01,2013,0.49000000,0.50891252,5.91081808,6.28081808,1053290.59219844,799707.83699122,5483.76708502,4332.53031246,-7084.40306303,-0.00000002,2641965.87580785,2388383.12060063,253582.75520722,253582.75520722,29.46192705,32.59000000
2013-03-01,2013,0.55000000,0.50891252,5.91081808,6.28081808,1036093.05539354,780542.59146709,6614.76784275,4647.05912351,-23812.30464769,0.00000004,2663208.83369913,2407658.36977268,255550.46392645,255550.46392645,29.29103050,32.40000000
2013-04-01,2013,0.61000000,0.50891252,5.91081808,6.28081808,1063695.85193194,805621.22445700,6794.67341453,4270.50986604,20808.12312387,-0.00000000,2682330.01080925,2424255.38333431,258074.62747494,258074.62747494,29.04771885,32.14000000
2013-05-01,2013,0.60000000,0.50891252,5.91081808,6.28081808,1100109.36067678,839231.94207174,7837.77583872,5034.98470862,28575.73290616,-0.00000004,2710764.58249674,2449887.16389170,260877.41860504,260877.41860504,28.47755391,31.51000000
2013-06-01,2013,0.61000000,0.50891252,5.91081808,6.28081808,1062571.43543474,799455.92291578,6156.10009728,3918.00618336,-43694.02533938,0.00000006,2715918.69991884,2452803.18739988,263115.51251896,263115.51251896,28.16834371,31.19000000
2013-07-01,2013,0.72000000,0.50891252,5.91081808,6.28081808,1126894.44128390,860065.02413196,7932.27665739,4218.37202441,56390.72919182,-0.00000005,2744022.88316701,2477193.46601507,266829.41715194,266829.41715194,27.80500091,30.80000000
2013-08-01,2013,0.71000000,0.50891252,5.91081808,6.28081808,1105833.61871351,835140.15624424,8530.98087090,4666.93555357,-29591.80344130,0.00000001,2749278.71312196,2478585.25065270,270693.46246927,270693.46246927,27.56909898,30.58000000
2013-09-01,2013,0.71000000,0.50891252,5.91081808,6.28081808,1055314.65154693,781008.42080285,7876.45225483,4263.68398001,-58395.41942136,-0.00000005,2747899.58222914,2473593.35148506,274306.23074408,274306.23074408,28.36454687,31.51000000
2013-10-01,2013,0.81000000,0.50891252,5.91081808,6.28081808,1057929.52784811,779120.19536920,8416.65736731,3913.55563249,-5801.78106621,0.00000008,2779361.47497339,2500552.14249448,278809.33247891,278809.33247891,28.44806602,31.62000000
2013-11-01,2013,0.72000000,0.50891252,5.91081808,6.28081808,1014452.32259739,731663.81542286,8299.37221159,4320.19751597,-51776.57746231,-0.00000000,2783266.91510965,2500478.40793512,282788.50717453,282788.50717453,27.47297764,30.58000000
2013-12-01,2013,0.79000000,0.50891252,5.91081808,6.28081808,916591.99603707,630950.95458675,5328.03490221,2475.50062641,-103956.61753153,768.25606900,2747996.70552741,2462355.66407709,285641.04145032,285641.04145032,27.32967169,30.50000000
2014-01-01,2014,0.85000000,0.54798042,6.40761660,6.77761660,1079881.09149649,790548.02866138,6637.67454960,2945.65316482,156651.42090981,0.00000001,2829599.14148428,2540266.07864917,289333.06283511,289333.06283511,26.94140803,30.01000000
2014-02-01,2014,0.79000000,0.54798042,6.40761660,6.77761660,1060020.57591482,767009.29524319,7472.97164742,3794.75381090,-27333.48722912,0.00000003,2816714.16517875,2523702.88450712,293011.28067163,293011.28067163,27.20177309,30.36000000
2014-03-01,2014,0.77000000,0.54798042,6.40761660,6.77761660,1023907.27956753,726971.42822283,8090.97681122,4166.40613816,-44204.27315851,0.00000000,2835759.15967148,2538823.30832678,296935.85134470,296935.85134470,27.55698810,30.78000000
2014-04-01,2014,0.82000000,0.54798042,6.40761660,6.77761660,1092649.08789254,791186.13289324,8614.34279310,4087.23913849,60127.46553195,-0.00000004,2865058.28150892,2563595.32650962,301462.95499930,301462.95499930,27.54131204,30.78000000
2014-05-01,2014,0.87000000,0.54798042,6.40761660,6.77761660,1064624.01737920,758655.86873107,8282.86749999,3777.67385117,-36307.93801336,0.00000003,2895819.41475039,2589851.26610226,305968.14864813,305968.14864813,27.81401836,31.10000000
2014-06-01,2014,0.82000000,0.54798042,6.40761660,6.77761660,1038517.04594538,727867.92431813,8936.75922332,4255.78624420,-35043.73065712,-0.00000002,2941138.57296413,2630489.45133688,310649.12162725,310649.12162725,28.15501748,31.48000000
2014-07-01,2014,0.95000000,0.54798042,6.40761660,6.77761660,1114693.57646704,799817.86918369,7094.89911196,2868.31345586,69081.63140967,0.00000003,2983108.32741767,2668232.62013432,314875.70728335,314875.70728335,28.26452865,31.60000000
2014-08-01,2014,0.87000000,0.54798042,6.40761660,6.77761660,1169914.87067974,850483.73412687,8311.92669255,3756.49742302,48035.23403634,-1125.86651619,3034679.52962754,2715248.39307467,319431.13655287,319431.13655287,28.75693545,32.14000000
2014-09-01,2014,0.91000000,0.54798042,6.40761660,6.77761660,1206627.24594744,880387.18994005,12110.32864591,5301.40919139,24602.04662183,-0.00000004,3132133.11610231,2805893.06009492,326240.05600739,326240.05600739,28.72961879,32.07000000
2014-10-01,2014,0.95000000,0.54798042,6.40761660,6.77761660,1279767.28550351,946650.01426291,11874.96205720,4997.74682400,61265.07749886,0.00000001,3168712.95527843,2835595.68403783,333117.27124060,333117.27124060,28.83280822,32.22000000
2014-11-01,2014,0.84000000,0.54798042,6.40761660,6.77761660,1274139.88504294,937548.53115565,6713.87889326,3239.79624657,-12341.27935386,0.00000003,3217851.37303640,2881260.01914911,336591.35388729,336591.35388729,28.81393100,32.18000000
2014-12-01,2014,0.96000000,0.54798042,6.40761660,6.77761660,1226853.40074324,882742.56502668,12965.08134824,5445.59951896,-60251.56564793,-0.00000001,3252448.54925185,2908337.71353529,344110.83571656,344110.83571656,29.14196017,32.59000000
2015-01-01,2015,0.94000000,0.87675293,10.67349800,11.04349800,1351390.02919728,1004047.67266711,9825.40109736,6593.88028375,114711.22735670,-0.00000002,3315324.37832781,2967982.02179764,347342.35653017,347342.35653017,29.11292059,32.52000000
2015-02-01,2015,0.82000000,0.87675293,10.67349800,11.04349800,1353169.56707813,1004290.63064110,7473.48884449,5936.90893764,-5693.95096364,0.00000000,3386880.83832404,3038001.90188701,348878.93643703,348878.93643703,28.97281189,32.30000000
2015-03-01,2015,1.04000000,0.87675293,10.67349800,11.04349800,1326298.08018507,971892.22665653,14765.15181111,9238.23471959,-41636.63870420,0.00000003,3480229.28844076,3125823.43491222,354405.85352854,354405.85352854,28.37306227,31.59000000
2015-04-01,2015,0.95000000,0.87675293,10.67349800,11.04349800,1334573.34598741,976050.53978023,12717.88203221,8600.92935357,-4442.61622987,0.00000000,3468109.36977669,3109586.56356951,358522.80620718,358522.80620718,28.99678722,32.34000000
2015-05-01,2015,0.99000000,0.87675293,10.67349800,11.04349800,1365980.31728165,1002868.11328512,13026.84871794,8437.45092859,18380.12257629,0.00000001,3538708.31250573,3175596.10850920,363112.20399653,363112.20399653,29.06641319,32.39000000
2015-06-01,2015,1.07000000,0.87675293,10.67349800,11.04349800,1345564.60633426,976655.98699553,14548.47663568,8752.06129348,-34964.18758308,0.00000001,3588440.40346149,3219531.78412276,368908.61933873,368908.61933873,29.81379908,33.23000000
2015-07-01,2015,1.18000000,0.87675293,10.67349800,11.04349800,1427188.49769591,1051832.53747049,13994.73238817,7547.39150148,67629.15897346,0.00000002,3684950.96245873,3309595.00223331,375355.96022542,375355.96022542,29.55772618,32.91000000
2015-08-01,2015,1.11000000,0.87675293,10.67349800,11.04349800,1431091.66457773,1049209.07082547,15618.78979576,9092.15626892,-11715.62291390,-0.00000004,3743680.98856208,3361798.39480982,381882.59375226,381882.59375226,29.14884474,32.46000000
2015-09-01,2015,1.11000000,0.87675293,10.67349800,11.04349800,1431655.99055277,1042632.06688599,16966.55459231,9825.22467779,-16402.22861728,0.00000001,3789051.79119533,3400027.86752855,389023.92366678,389023.92366678,28.73248990,32.02000000
2015-10-01,2015,1.11000000,0.87675293,10.67349800,11.04349800,1554888.40264718,1158570.85636560,17171.03165111,9877.40903631,106061.38044328,0.00000002,3813936.88492882,3417619.33864724,396317.54628159,396317.54628159,29.63359776,33.07000000
2015-11-01,2015,1.06000000,0.87675293,10.67349800,11.04349800,1528491.89726067,1125818.72622664,16564.20412426,10208.57937182,-42960.70951073,-0.00000004,3844680.87898271,3442007.70794868,402673.17103403,402673.17103403,30.34947892,33.90000000
2015-12-01,2015,1.16000000,0.87675293,10.67349800,11.04349800,1539457.14413662,1128937.74003052,17699.77196885,9853.53889678,-8254.82504699,1520.29995409,3927523.06280055,3517003.65869445,410519.40410610,410519.40410610,31.91477386,35.64000000
2016-01-01,2016,1.06000000,0.53859343,6.28805505,6.65805505,1692933.12290350,1272747.07997089,15407.76767188,5741.12884537,138068.21109502,-0.00000002,3992779.13589215,3572593.09295954,420186.04293261,420186.04293261,31.62094261,35.34000000
2016-02-01,2016,1.00000000,0.53859343,6.28805505,6.65805505,1675159.55646561,1245610.80814081,15733.37914273,6370.67375054,-33506.94558061,-0.00000001,4017298.54915941,3587749.80083461,429548.74832480,429548.74832480,32.40969987,36.29000000
2016-03-01,2016,1.16000000,0.53859343,6.28805505,6.65805505,1618952.50902511,1177589.51530975,18043.80561424,6229.56022368,-74250.85305473,-0.00000001,4005700.24519910,3564337.25148373,441362.99371536,441362.99371536,34.10665763,38.33000000
2016-04-01,2016,1.06000000,0.53859343,6.28805505,6.65805505,1754045.77584372,1301087.91944941,18392.44488858,6797.58220963,116700.82193001,0.00000002,4039289.28196122,3586331.42556691,452957.85639431,452957.85639431,34.51119560,38.87000000
2016-05-01,2016,1.11000000,0.53859343,6.28805505,6.65805505,1752568.13249577,1287361.55674177,19136.17775609,6887.45839640,-20613.82110408,0.00000004,4113898.57706968,3648692.00131568,465206.57575400,465206.57575400,34.66076782,39.08000000
2016-06-01,2016,1.16000000,0.53859343,6.28805505,6.65805505,1713991.27925251,1235459.78285306,20221.70040524,6896.77975980,-58798.55364845,-0.00000005,4130830.60132654,3652299.10492709,478531.49639945,478531.49639944,36.55985504,41.35000000
2016-07-01,2016,1.11000000,0.53859343,6.28805505,6.65805505,1816242.18868883,1324299.27199784,20625.03059090,7213.61029936,81625.87884539,0.00000003,4213993.30182286,3722050.38513187,491942.91669099,491942.91669099,37.03507848,41.93000000
2016-08-01,2016,1.22000000,0.53859343,6.28805505,6.65805505,1897533.01348533,1391098.24950963,21371.08159549,6879.23431078,57750.30310005,2169.44010096,4272828.76070382,3766393.99672812,506434.76397570,506434.76397570,37.73596744,42.81000000
2016-09-01,2016,1.11000000,0.53859343,6.28805505,6.65805505,1874223.71843323,1354188.57737881,21109.37299145,7508.99591273,-44418.66804354,-0.00000001,4329703.12866280,3809667.98760838,520035.14105442,520035.14105442,38.38965614,43.63000000
2016-10-01,2016,1.05000000,0.53859343,6.28805505,6.65805505,1918700.14846625,1385566.38003084,20811.97099936,7713.34361837,23664.45903368,-0.00000002,4330508.19474329,3797374.42630787,533133.76843541,533133.76843541,38.47788350,43.88000000
2016-11-01,2016,1.04000000,0.53859343,6.28805505,6.65805505,1959058.00636771,1413676.07243418,19565.12267158,7316.95717346,20792.73522984,0.00000004,4418424.08773977,3873042.15380623,545381.93393353,545381.93393353,38.56015651,43.99000000
2016-12-01,2016,1.12000000,0.53859343,6.28805505,6.65805505,1918752.38231828,1359113.44970331,21833.50790881,7576.50922737,-62139.13195823,-0.00000001,4378486.39497225,3818847.46235728,559638.93261497,559638.93261497,40.24258751,46.14000000
2017-01-01,2017,1.09000000,0.27232958,2.94734991,3.31734991,2034507.92129193,1459640.68508350,18502.78202404,3274.47843058,97252.75694964,-0.00000003,4399046.83638499,3824179.60017656,574867.23620843,574867.23620843,40.40599576,46.48000000
2017-02-01,2017,0.87000000,0.27232958,2.94734991,3.31734991,2029042.93053127,1441560.08003795,16269.29808852,3653.68380363,-21734.28884926,0.00000008,4450006.77245743,3862523.92196411,587482.85049332,587482.85049332,41.02948942,47.27000000
2017-03-01,2017,1.05000000,0.27232958,2.94734991,3.31734991,2018529.00781400,1413764.90374940,21184.93280362,3903.67923234,-31698.85552081,-0.00000008,4527003.45312987,3922239.34906527,604764.10406460,604764.10406460,41.18044932,47.53000000
2017-04-01,2017,0.79000000,0.27232958,2.94734991,3.31734991,2050814.32899108,1433137.74178460,17022.37113652,4109.88799464,15262.95004054,0.00000002,4547705.04874626,3930028.46153978,617676.58720648,617676.58720648,41.02254853,47.47000000
2017-05-01,2017,0.93000000,0.27232958,2.94734991,3.31734991,2140237.97287132,1507573.01982869,18844.56637867,3856.20054251,70579.07750158,-0.00000001,4633516.79925552,4000851.84621289,632664.95304263,632664.95304263,41.45466726,48.01000000
2017-06-01,2017,0.81000000,0.27232958,2.94734991,3.31734991,2117939.10452037,1472008.78055233,17381.80254801,4116.43162260,-47855.53341319,8174.86251423,4674598.71916416,4028668.39519611,645930.32396804,645930.32396804,41.74662015,48.44000000
2017-07-01,2017,0.80000000,0.27232958,2.94734991,3.31734991,2218638.32850916,1561203.68423411,15069.70630042,3565.38599342,85629.51768836,0.00000001,4722126.38356610,4064691.73929105,657434.64427505,657434.64427505,42.77194554,49.69000000
2017-08-01,2017,0.80000000,0.27232958,2.94734991,3.31734991,2223336.05700368,1553188.42773505,16717.49147168,4004.50647810,-12019.76297710,-0.00000006,4768883.30834147,4098735.67907284,670147.62926863,670147.62926863,43.05969432,50.10000000
2017-09-01,2017,0.64000000,0.27232958,2.94734991,3.31734991,2194727.52456549,1514200.59149216,14769.72651018,4390.42270547,-43378.25894844,0.00000007,4789341.58655815,4108814.65348482,680526.93307333,680526.93307333,43.54741211,50.76000000
2017-10-01,2017,0.64000000,0.27232958,2.94734991,3.31734991,2248970.44533222,1558082.03639327,14667.46190392,4305.98603831,39575.45886282,-0.00000001,4837222.05552256,4146333.64658361,690888.40893895,690888.40893895,43.32149736,50.54000000
2017-11-01,2017,0.57000000,0.27232958,2.94734991,3.31734991,2225970.78982001,1526853.35281261,12300.46998315,4071.44191470,-35300.12549534,-0.00000002,4852557.49054365,4153440.05353625,699117.43700740,699117.43700740,43.52394117,50.85000000
2017-12-01,2017,0.54000000,0.27232958,2.94734991,3.31734991,2177104.98508228,1469882.79516387,12391.12193986,4286.36902885,-61256.92667759,-0.00000000,4854678.58647316,4147456.39655475,707222.18991841,707222.18991841,43.88649656,51.37000000
2018-01-01,2018,0.58000000,0.33665293,3.74548212,4.11548212,2289858.84571137,1576475.97054463,10130.77617314,3970.09092480,102623.08445597,-0.00000002,4904275.22797310,4190892.35280636,713382.87516674,713382.87516674,43.94891879,51.43000000
2018-02-01,2018,0.47000000,0.33665293,3.74548212,4.11548212,2298547.41040389,1580179.75402534,9834.47589461,4849.69468280,-1145.91120210,0.00000001,4957219.32260496,4238851.66622641,718367.65637855,718367.65637855,44.10536527,51.58000000
2018-03-01,2018,0.53000000,0.33665293,3.74548212,4.11548212,2246070.14005992,1520739.44017949,12360.64203566,5397.59853378,-64837.91237962,-0.00000001,4984707.59746103,4259376.89758060,725330.69988043,725330.69988043,44.28815538,51.83000000
2018-04-01,2018,0.52000000,0.33665293,3.74548212,4.11548212,2308722.55063479,1577343.51027605,10768.67570714,4720.33522883,51883.73486774,-0.00000001,5045749.25114781,4314370.21078907,731379.04035874,731379.04035874,43.80423499,51.23000000
2018-05-01,2018,0.52000000,0.33665293,3.74548212,4.11548212,2345018.03522857,1607039.29016484,11834.14981238,5234.44510739,24461.33478137,0.00000003,5133267.76233569,4395289.01727196,737978.74506373,737978.74506373,43.37691933,50.66000000
2018-06-01,2018,0.52000000,0.33665293,3.74548212,4.11548212,2360460.36513527,1615460.57701430,12620.26843391,5599.22537667,2822.06147276,0.00000003,5165402.55003335,4420402.76191238,744999.78812097,744999.78812097,43.39615778,50.71000000
2018-07-01,2018,0.54000000,0.33665293,3.74548212,4.11548212,2440099.61423089,1689141.54484238,10392.34337544,4434.06210790,69246.90572016,0.00000002,5186540.03898168,4435581.96959317,750958.06938851,750958.06938851,43.87228351,51.30000000
2018-08-01,2018,0.57000000,0.33665293,3.74548212,4.11548212,2488338.19917658,1729483.53125092,13358.07149301,5461.47295586,34880.51345274,-0.00000006,5223985.95084402,4465131.28291836,758854.66792566,758854.66792566,43.02743363,50.34000000
2018-09-01,2018,0.47000000,0.33665293,3.74548212,4.11548212,2488642.53555882,1723617.68666758,12287.33054270,6117.14957712,-11982.99416046,0.00000000,5246734.27852915,4481709.42963791,765024.84889124,765024.84889124,43.83704524,51.32000000
2018-10-01,2018,0.54000000,0.33665293,3.74548212,4.11548212,2538902.62128171,1766733.97363807,12572.34065670,5428.54190430,37687.74506620,-0.00000001,5231391.54928401,4459222.90164036,772168.64764365,772168.64764365,44.69117911,52.43000000
2018-11-01,2018,0.49000000,0.33665293,3.74548212,4.11548212,2550084.47011249,1771487.43534315,12317.08744793,5888.70032223,-1135.23861714,-0.00000001,5284132.65450226,4505535.61973292,778597.03476934,778597.03476934,44.50852670,52.20000000
2018-12-01,2018,0.49000000,0.33665293,3.74548212,4.11548212,2509463.41400522,1724474.38389390,12228.24736900,5836.25202703,-52849.30347631,0.00000004,5271982.25856809,4486993.22845677,784989.03011131,784989.03011131,44.91263837,52.77000000
2019-01-01,2019,0.54000000,0.38155994,4.30603998,4.67603998,2648692.64776370,1857629.55594896,11807.18433439,5733.12263096,127422.04942413,-0.00000004,5302682.26794308,4511619.17612833,791063.09181474,791063.09181474,45.18696055,53.11000000
2019-02-01,2019,0.49000000,0.38155994,4.30603998,4.67603998,2642024.58052066,1845626.03048595,11755.41812772,6419.95990775,-18423.48537080,0.00000004,5336549.58026456,4540151.03022986,796398.55003471,796398.55003471,45.18414335,53.11000000
2019-03-01,2019,0.47000000,0.38155994,4.30603998,4.67603998,2666139.75306091,1864116.75589235,12992.96073791,7368.51360406,11122.21180236,-0.00000002,5430958.99717434,4628936.00000578,802022.99716856,802022.99716856,45.20725816,53.04000000
2019-04-01,2019,0.52000000,0.38155994,4.30603998,4.67603998,2779574.25944865,1970584.66091297,14306.25572759,7339.65436047,99128.25066020,-0.00000005,5479642.89755948,4670653.29902380,808989.59853568,808989.59853568,45.22646250,53.06000000
2019-05-01,2019,0.54000000,0.38155994,4.30603998,4.67603998,2808538.87509499,1992275.34377683,14575.27090707,7301.33812459,14389.34473922,0.00000005,5480569.48199016,4664305.95067201,816263.53131815,816263.53131816,45.31906633,53.25000000
2019-06-01,2019,0.47000000,0.38155994,4.30603998,4.67603998,2775288.66048554,1953524.29983169,12970.05776186,7469.22842616,-46220.27237133,0.00000002,5498994.83125972,4677230.47060587,821764.36065385,821764.36065385,45.77719231,53.82000000
2019-07-01,2019,0.57000000,0.38155994,4.30603998,4.67603998,2839529.63192171,2010014.44816606,14657.17919464,6906.35609284,49583.79224150,0.00000003,5540964.86681113,4711449.68305548,829515.18375565,829515.18375565,46.14546030,54.27000000
2019-08-01,2019,0.50000000,0.38155994,4.30603998,4.67603998,2840829.63496587,2005253.60771783,13181.15539975,7120.31190736,-11881.15235552,-0.00000007,5617716.11207080,4782140.08482276,835576.02724804,835576.02724804,45.38069971,53.31000000
2019-09-01,2019,0.46000000,0.38155994,4.30603998,4.67603998,2755248.09066003,1914231.20258522,13126.41482675,7685.55399998,-98707.95913260,0.00000001,5580374.84612703,4739357.95805222,841016.88807481,841016.88807481,45.55592911,53.64000000
2019-10-01,2019,0.48000000,0.38155994,4.30603998,4.67603998,2790161.25739706,1943302.38035114,13048.15704774,7206.16807663,21865.00968930,-0.00000001,5549355.50652381,4702496.62947789,846858.87704592,846858.87704592,45.85254852,54.11000000
2019-11-01,2019,0.38000000,0.38155994,4.30603998,4.67603998,2778693.46851765,1928529.29220826,10993.58933047,7688.29006700,-22461.37820994,0.00000006,5602290.21568334,4752126.03937395,850164.17630939,850164.17630939,45.62720777,53.79000000
2019-12-01,2019,0.37000000,0.38155994,4.30603998,4.67603998,2644895.86473309,1791951.03634680,9781.58276064,7000.93068374,-143579.18654518,-0.00000002,5500104.15654906,4647159.32816277,852944.82838629,852944.82838629,46.21723662,54.70000000
2020-01-01,2020,0.38000000,0.39843038,4.51734150,4.88734150,2726526.65102165,1870849.73151654,9433.13503422,6701.04391540,73035.79808801,-838.14683367,5550452.09808218,4694775.17857708,855676.91950511,855676.91950511,44.99004538,53.19000000
2020-02-01,2020,0.29000000,0.39843038,4.51734150,4.88734150,2736841.32514975,1880846.70501831,5546.63619778,5228.93557145,4768.03793039,-0.00000007,5611015.18365574,4755020.56352430,855994.62013144,855994.62013143,44.53317670,52.55000000
2020-03-01,2020,0.34000000,0.39843038,4.51734150,4.88734150,2829386.74265010,1971382.66522086,10322.71564762,8313.25834982,82222.70185272,0.00000001,5758363.32808628,4900359.25065704,858004.07742924,858004.07742924,43.08606017,50.63000000
2020-04-01,2020,0.28000000,0.39843038,4.51734150,4.88734150,2954576.41790114,2096499.96553740,8469.92270091,8397.54776640,116719.75255011,0.00000002,5817892.35982149,4959815.90745774,858076.45236374,858076.45236374,43.95545541,51.56000000
2020-05-01,2020,0.24000000,0.39843038,4.51734150,4.88734150,3016695.68867819,2159878.51813906,7075.09692191,8334.37874652,55044.17385510,0.00000004,5929085.15083172,5072267.98029259,856817.17053913,856817.17053913,45.94832192,53.71000000
2020-06-01,2020,0.21000000,0.39843038,4.51734150,4.88734150,3128072.75458418,2273587.25008571,6505.57709121,8837.24313187,104871.48881484,-0.00000006,6153523.82836265,5299038.32386418,854485.50449847,854485.50449847,48.43044793,56.24000000
2020-07-01,2020,0.19000000,0.39843038,4.51734150,4.88734150,3271971.59097090,2420775.95835437,6276.33609125,9566.20797319,137622.50029538,0.00000009,6210041.65876820,5358846.02615167,851195.63261653,851195.63261653,50.15362990,58.12000000
2020-08-01,2020,0.16000000,0.39843038,4.51734150,4.88734150,3389798.37158623,2543398.24746302,5692.85698037,10488.36547370,112133.92363507,-0.00000011,6389754.49637395,5543354.37225075,846400.12412321,846400.12412321,50.88977482,58.66000000
2020-09-01,2020,0.16000000,0.39843038,4.51734150,4.88734150,3348684.02423349,2507162.76612934,5618.13783969,10497.00385875,-46732.48519247,0.00000004,6533712.35727131,5692191.09916716,841521.25810415,841521.25810415,51.66234963,59.30000000
2020-10-01,2020,0.16000000,0.39843038,4.51734150,4.88734150,3289832.53564426,2453000.83687748,5425.17241220,10114.73174957,-64276.66100139,-0.00000004,6574653.33363024,5737821.63486346,836831.69876678,836831.69876678,51.61257245,59.14000000
2020-11-01,2020,0.15000000,0.39843038,4.51734150,4.88734150,3162780.14155523,2330606.51499413,4750.48465849,9408.55686417,-131802.87874758,0.00000006,6558571.30962993,5726397.68306883,832173.62656110,832173.62656110,52.88467431,60.57000000
2020-12-01,2020,0.16000000,0.39843038,4.51734150,4.88734150,3046581.63859695,2218324.38563365,4690.35441433,8606.72801213,-120888.85737256,-0.00000005,6615755.20385280,5787497.95088950,828257.25296330,828257.25296330,53.68680344,61.37000000
2021-01-01,2021,0.15000000,0.83027115,10.06105489,10.43105489,3079341.56662451,2265964.42966764,4910.38988789,19790.50589432,27849.53813961,0.00000006,6670267.06301177,5856889.92605490,813377.13695687,813377.13695687,52.42891989,59.71000000
2021-02-01,2021,0.13000000,0.83027115,10.06105489,10.43105489,3036789.13282687,2239964.70103751,4474.04486792,21026.75003543,-47026.47866544,-0.00000012,6744244.11645560,5947419.68466624,796824.43178936,796824.43178936,52.47014567,59.50000000
2021-03-01,2021,0.20000000,0.83027115,10.06105489,10.43105489,2926682.68463040,2142816.97187165,6284.29597513,19243.01500573,-116390.74417164,0.00000004,6721063.14169952,5937197.42894077,783865.71275875,783865.71275875,51.70374957,58.53000000
2021-04-01,2021,0.21000000,0.83027115,10.06105489,10.43105489,3073071.69734232,2301829.21334201,6662.23615394,19285.46491238,139726.77655799,-0.00000001,6665275.14881441,5894032.66481410,771242.48400031,771242.48400031,51.03234563,57.71000000
2021-05-01,2021,0.27000000,0.83027115,10.06105489,10.43105489,3054027.69322856,2293917.00783862,8541.02913982,19672.82775019,-27585.03325367,0.00000009,6696353.78424999,5936243.09886005,760110.68538994,760110.68538994,51.00856958,57.54000000
2021-06-01,2021,0.31000000,0.83027115,10.06105489,10.43105489,2978879.18807072,2228029.30766182,9153.71641618,18414.52139722,-84302.22157392,-0.00000010,6729562.39478558,5978712.51437669,750849.88040890,750849.88040890,51.91068181,58.43000000
2021-07-01,2021,0.36000000,0.83027115,10.06105489,10.43105489,3030763.47474093,2288587.43998015,11964.16400485,20638.00965297,40919.79412160,-999.67145624,6797927.95269440,6055751.91793362,742176.03476078,742176.03476078,51.46285614,57.77000000
2021-08-01,2021,0.43000000,0.83027115,10.06105489,10.43105489,3052976.24453794,2316786.58195403,13069.77807216,19056.15024903,9142.99172483,0.00000002,6849857.48276417,6113667.82018026,736189.66258391,736189.66258391,51.04349448,57.19000000
2021-09-01,2021,0.44000000,0.83027115,10.06105489,10.43105489,3040241.80505018,2309822.80165536,13359.34771739,19130.00690647,-26093.78720514,-0.00000001,6939728.60430540,6209309.60091057,730419.00339482,730419.00339482,50.25800578,56.17000000
2021-10-01,2021,0.49000000,0.83027115,10.06105489,10.43105489,3269797.73619769,2544337.63738418,17257.76538741,22216.66996873,212298.16576007,0.00000003,7009119.31967467,6283659.22086116,725460.09881351,725460.09881351,49.48667203,55.20000000
2021-11-01,2021,0.59000000,0.83027115,10.06105489,10.43105489,3186682.87098722,2462960.19926397,18284.98499865,20022.41208890,-101399.85020910,-0.00000002,6978912.92948808,6255190.25776482,723722.67172325,723722.67172325,49.27849994,54.98000000
2021-12-01,2021,0.77000000,0.83027115,10.06105489,10.43105489,3117259.54614057,2389437.55154132,24604.15620943,20504.83333344,-94027.48105603,-0.00000005,6966925.20075086,6239103.20615161,727821.99459925,727821.99459925,49.35275861,55.11000000
2022-01-01,2022,0.73000000,0.49897924,5.78484196,6.15484196,3218835.80620008,2479298.37835325,24609.20138982,12893.76814224,76967.05866967,0.00000002,6973243.09966806,6233705.67182123,739537.42784683,739537.42784683,49.01508195,54.83000000
2022-02-01,2022,0.76000000,0.49897924,5.78484196,6.15484196,3227717.38646979,2475713.96518262,25219.83968446,12753.84624412,-16338.25941474,-0.00000001,7001664.30215048,6249660.88086331,752003.42128717,752003.42128717,49.50340055,55.46000000
2022-03-01,2022,0.93000000,0.49897924,5.78484196,6.15484196,3190988.15407778,2421909.95587163,29015.68331790,11940.90639892,-65744.91570996,0.00000005,7009269.26721945,6240191.06901330,769078.19820615,769078.19820615,50.44309364,56.66000000
2022-04-01,2022,0.83000000,0.49897924,5.78484196,6.15484196,3260449.91005469,2475826.76393973,28590.30500652,13045.35709771,40871.45097038,0.00000001,7075133.23072076,6290510.08460580,784623.14611496,784623.14611496,50.14531277,56.40000000
2022-05-01,2022,1.03000000,0.49897924,5.78484196,6.15484196,3228400.29715111,2422813.39864019,33163.38820118,12199.63580522,-65213.00110474,-0.00000002,7098469.68214822,6292882.78363730,805586.89851092,805586.89851092,50.45143182,56.91000000
2022-06-01,2022,1.02000000,0.49897924,5.78484196,6.15484196,3189013.79916275,2362331.45321504,33332.76507486,12237.31763806,-72719.26306319,-0.00000003,7174528.52350640,6347846.17755868,826682.34594771,826682.34594771,49.57396436,56.03000000
2022-07-01,2022,1.03000000,0.49897924,5.78484196,6.15484196,3322104.05169305,2472037.23285501,36473.48859455,13089.01570423,96616.76393574,0.00000001,7217112.26615166,6367045.44731363,850066.81883803,850066.81883803,49.04233762,55.59000000
2022-08-01,2022,1.17000000,0.49897924,5.78484196,6.15484196,3430749.72879737,2554502.51871679,38351.11417198,12170.72292943,70294.56293237,-0.00000003,7231619.17538753,6355371.96530695,876247.21008058,876247.21008058,49.25848417,56.05000000
2022-09-01,2022,1.07000000,0.49897924,5.78484196,6.15484196,3356995.31899041,2456320.61830098,37421.22546853,12993.73485968,-111175.63527552,0.00000003,7262409.89547093,6361735.19478150,900674.70068943,900674.70068944,49.08123173,56.03000000
2022-10-01,2022,1.02000000,0.49897924,5.78484196,6.15484196,3427392.12258248,2503514.41791689,36138.66964695,12935.66567079,34258.13394509,0.00000003,7297886.22368690,6374008.51902131,923877.70466559,923877.70466559,48.89319811,55.98000000
2022-11-01,2022,1.02000000,0.49897924,5.78484196,6.15484196,3376684.57350746,2430329.87747773,34974.35111675,12497.35975261,-85681.90019170,-0.00000007,7290852.55119893,6344497.85516920,946354.69602973,946354.69602973,48.56584642,55.81000000
2022-12-01,2022,1.12000000,0.49897924,5.78484196,6.15484196,3269588.27164342,2296680.16415486,39086.83390191,12533.42244308,-146183.13576600,0.00000005,7224882.23036494,6251974.12287638,972908.10748856,972908.10748856,48.57149173,56.13000000
2023-01-01,2023,1.12000000,0.40670423,4.62111393,4.99111393,3546884.15645575,2544589.79781271,39448.61086153,10062.35970705,237847.27395084,-0.00000004,7257238.78200899,6254944.42336595,1002294.35864304,1002294.35864304,47.59358779,55.22000000
2023-02-01,2023,0.92000000,0.40670423,4.62111393,4.99111393,3595771.27620603,2570835.92416779,33156.50437088,10515.51097568,15730.61537942,-0.00000002,7351858.08190507,6326922.72986683,1024935.35203824,1024935.35203824,47.94337178,55.71000000
2023-03-01,2023,1.17000000,0.40670423,4.62111393,4.99111393,3528644.88509235,2471549.44049864,42796.12262065,10636.03006518,-109922.51373433,-0.00000000,7398049.66291852,6340954.21832481,1057095.44459371,1057095.44459371,47.98110763,55.98000000
2023-04-01,2023,0.92000000,0.40670423,4.62111393,4.99111393,3496761.75618051,2415994.59597583,34288.77279628,10617.05718530,-66171.90170811,-0.00000001,7456708.21847707,6375941.05827239,1080767.16020468,1080767.16020468,47.80646555,55.91000000
2023-05-01,2023,1.12000000,0.40670423,4.62111393,4.99111393,3674574.28049105,2564272.32715049,39426.73027002,9891.93713415,138385.79304036,0.00100016,7563933.30258500,6453631.34924444,1110301.95334056,1110301.95334056,48.28321238,56.59000000
2023-06-01,2023,1.07000000,0.40670423,4.62111393,4.99111393,3593867.13753595,2454371.28917042,39732.98869151,10539.09366654,-120440.13164645,-0.00000016,7594036.70255904,6454540.85419351,1139495.84836553,1139495.84836553,49.11003004,57.78000000
2023-07-01,2023,1.07000000,0.40670423,4.62111393,4.99111393,3821830.47298797,2651626.51442353,41473.97166601,10765.86146710,186489.36378601,0.00000000,7685542.66878282,6515338.71021838,1170203.95856444,1170203.95856444,49.45712707,58.34000000
2023-08-01,2023,1.14000000,0.40670423,4.62111393,4.99111393,3840124.01472239,2636720.36643796,44120.51134487,10920.82162488,-25826.96961049,0.00000004,7771630.84032344,6568227.19203901,1203403.64828443,1203403.64828443,49.59365409,58.68000000
2023-09-01,2023,0.97000000,0.40670423,4.62111393,4.99111393,3833895.03262388,2602368.43033610,39492.40026683,11369.44626348,-45721.38236541,0.00000007,7826080.16239448,6594553.56010670,1231526.60228778,1231526.60228778,49.60610676,58.87000000
2023-10-01,2023,1.00000000,0.40670423,4.62111393,4.99111393,3897695.49815349,2638219.27594611,38607.77485552,10658.15493591,25192.69067407,0.00000002,7913479.77939958,6654003.55719220,1259476.22220738,1259476.22220738,49.48368104,58.85000000
2023-11-01,2023,0.92000000,0.40670423,4.62111393,4.99111393,3883523.19446551,2598929.03874025,35842.93682630,10725.00330842,-50015.24051428,0.00000000,7972577.48348412,6687983.32775886,1284594.15572526,1284594.15572526,49.56903030,59.09000000
2023-12-01,2023,0.89000000,0.40670423,4.62111393,4.99111393,3892563.64661376,2582620.74551964,36515.77719593,11167.03182707,-27475.32504769,0.00000001,8079270.02452043,6769327.12342631,1309942.90109412,1309942.90109412,50.63210375,60.43000000
2024-01-01,2024,0.97000000,0.42343924,4.83129579,5.20129579,4217917.29491471,2879232.10391908,40461.04128280,11718.75138129,284892.60701815,0.00000000,8210714.54007836,6872029.34908273,1338685.19099563,1338685.19099563,49.84089335,59.55000000
2024-02-01,2024,0.80000000,0.42343924,4.83129579,5.20129579,4257034.03533935,2896346.62460222,34448.97007449,12446.75033299,4667.77035015,0.00000000,8301795.55654933,6941108.14581220,1360687.41073713,1360687.41073713,50.43338402,60.32000000
2024-03-01,2024,0.83000000,0.42343924,4.83129579,5.20129579,4227743.65085107,2842647.27836029,37385.53521868,12976.57346503,-66675.91970696,-0.00000000,8347113.99401886,6962017.62152807,1385096.37249078,1385096.37249079,50.53586761,60.59000000
2024-04-01,2024,0.89000000,0.42343924,4.83129579,5.20129579,4346012.80640962,2934788.03355362,38418.51787347,12290.11750825,79850.63768508,0.00000000,8424193.18606139,7012968.41320539,1411224.77285600,1411224.77285600,50.41496055,60.56000000
2024-05-01,2024,0.83000000,0.42343924,4.83129579,5.20129579,4365576.94575384,2929993.65430973,37160.63979902,12802.12121092,-17596.50045480,0.00000000,8522783.42345976,7087200.13201566,1435583.29144411,1435583.29144411,50.91637820,61.23000000
2024-06-01,2024,0.79000000,0.42343924,4.83129579,5.20129579,4434517.63783342,2974801.22945726,37692.69803532,13559.58110327,31247.99404426,0.00000000,8691534.95350655,7231818.54513039,1459716.40837616,1459716.40837616,50.98821357,61.28000000
2024-07-01,2024,0.91000000,0.42343924,4.83129579,5.20129579,4615727.62990994,3128036.84363774,40669.21233066,12694.83443462,140540.77974586,0.00000000,8826381.74050567,7338690.95423348,1487690.78627220,1487690.78627220,50.64359090,60.91000000
2024-08-01,2024,0.87000000,0.42343924,4.83129579,5.20129579,4880772.37038301,3364032.78661557,43346.07360225,14297.27610701,221698.66687082,0.00000000,8898037.20911912,7381297.62535169,1516739.58376744,1516739.58376744,50.66843938,61.08000000
2024-09-01,2024,0.84000000,0.42343924,4.83129579,5.20129579,4857868.01118327,3314741.65334501,40435.96422072,14049.19014990,-63340.32342046,0.00000000,8928002.71078386,7384876.35294560,1543126.35783826,1543126.35783826,50.83718222,61.46000000
2024-10-01,2024,0.93000000,0.42343924,4.83129579,5.20129579,4924737.88661733,3349434.69142829,46679.04383774,14502.20648696,20190.83159632,0.00000000,9031877.39305103,7456574.19786199,1575303.19518904,1575303.19518904,50.45969903,61.12000000
2024-11-01,2024,0.79000000,0.42343924,4.83129579,5.20129579,4921991.58276835,3320342.36386179,41460.16266889,15114.13895138,-44206.46651787,0.00000000,9091103.82952972,7489454.61062316,1601649.21890656,1601649.21890656,50.24492573,60.99000000
2024-12-01,2024,0.93000000,0.42343924,4.83129579,5.20129579,4757243.88275394,3124098.34027402,45459.06320905,13962.73963568,-210206.76322346,0.00000000,8984236.59444961,7351091.05196968,1633145.54247993,1633145.54247992,50.15694731,61.30000000
2025-01-01,2025,1.01000000,0.37823049,4.26438490,4.63438490,4884227.09728095,3213252.31026066,50166.48802100,12337.24348064,76816.72650601,-0.00000000,8939978.05326568,7269003.26624539,1670974.78702029,1670974.78702029,49.57407350,60.97000000
2025-02-01,2025,0.99000000,0.37823049,4.26438490,4.63438490,4845648.69214936,3138248.16860583,48654.90564087,12229.16911763,-87233.31077246,-0.00000000,9045259.98359210,7337859.46004857,1707400.52354353,1707400.52354353,49.59098463,61.13000000
2025-03-01,2025,0.96000000,0.37823049,4.26438490,4.63438490,4788509.35833540,3046219.59463771,46841.55265697,11952.31250281,-103980.88647093,0.00000000,9095938.26583099,7353648.50213330,1742289.76369769,1742289.76369769,49.55823578,61.30000000
2025-04-01,2025,1.06000000,0.37823049,4.26438490,4.63438490,4886021.55957480,3103155.69096086,52491.21851210,11915.11359586,45020.98272730,-0.00000000,9176310.11083884,7393444.24222490,1782865.86861394,1782865.86861394,49.34973365,61.25000000
2025-05-01,2025,1.14000000,0.37823049,4.26438490,4.63438490,5017978.71360002,3188397.40796314,59187.19318765,12471.75616470,72769.96083757,0.00000000,9264686.01242886,7435104.70679197,1829581.30563688,1829581.30563688,49.52356840,61.71000000
2025-06-01,2025,1.10000000,0.37823049,4.26438490,4.63438490,5035581.50688977,3163772.46529853,54032.68190174,11804.94594738,-36429.88861199,-0.00000000,9388792.92388345,7516983.88229221,1871809.04159124,1871809.04159124,50.11966872,62.60000000
2025-07-01,2025,1.28000000,0.37823049,4.26438490,4.63438490,5255975.00975371,3329346.13678143,67317.54055310,12497.70917207,153075.96231084,-0.00000000,9555157.65047206,7628528.77749979,1926628.87297228,1926628.87297228,50.62449281,63.41000000
2025-08-01,2025,1.16000000,0.37823049,4.26438490,4.63438490,5222293.98380880,3244853.63852484,64037.85083554,13226.37852386,-97718.87678045,0.00000000,9619767.40967564,7642327.06439168,1977440.34528396,1977440.34528396,50.87593123,64.04000000
2025-09-01,2025,1.22000000,0.37823049,4.26438490,4.63438490,5221782.76487266,3193859.15432881,62528.26774248,12045.00248259,-63039.48667862,0.00000000,9748473.47956028,7720549.86901643,2027923.61054385,2027923.61054385,51.13784287,64.57000000
2025-10-01,2025,1.28000000,0.37823049,4.26438490,4.63438490,5319814.99244199,3235252.99285177,69133.21725747,12494.82821110,28899.01031186,-0.00000000,9855839.29277541,7771277.29318519,2084561.99959022,2084561.99959022,50.99983882,64.68000000
2025-11-01,2025,1.05000000,0.37823049,4.26438490,4.63438490,5334223.55374942,3203365.69971522,59282.82444797,12986.97000399,-44874.26314054,0.00000000,9990926.09271951,7860068.23868531,2130857.85403420,2130857.85403420,51.27845437,65.18000000
2025-12-01,2025,1.22000000,0.37823049,4.26438490,4.63438490,5286916.60437279,3104080.84932025,63869.00440713,11891.10338879,-111175.95378376,0.00000000,10017919.13888715,7835083.38383461,2182835.75505254,2182835.75505254,51.02465221,65.24000000
2026-01-01,2026,1.16000000,0.58301781,3.36449142,3.54949142,5454341.27003207,3224348.47651624,66897.95034945,19740.91188616,98450.05679101,2076.65851882,10079963.19972809,7849970.40621226,2229992.79351583,2229992.79351583,50.57330747,64.94000000
2026-02-01,2026,1.00000000,0.58301781,3.36449142,3.54949142,5426546.37722865,3160406.22076584,55157.55435286,19010.19140589,-82952.44715630,0.00000002,10178332.40640229,7912192.24993948,2266140.15646281,2266140.15646281,50.88575260,65.46000000
2026-03-01,2026,1.21000000,0.58301781,3.36449142,3.54949142,5587558.79603937,3274510.33749838,65206.40690722,18298.10482903,95806.01190352,-0.00000002,10355752.42706101,8042703.96852002,2313048.45854099,2313048.45854099,51.77866865,66.67000000
2026-04-01,2026,1.09000000,0.58301781,3.36449142,3.54949142,5674379.59378353,3318001.60685979,63112.72827511,19783.19989236,23708.06946905,-0.00000000,10442787.17996249,8086409.19303875,2356377.98692374,2356377.98692374,51.98235297,67.13000000
2026-05-01,2026,1.07000000,0.58301781,3.36449142,3.54949142,5766412.33933710,3365779.94616035,64947.02908264,20692.62282963,27085.71647093,0.00000000,10622334.57933674,8221702.18615998,2400632.39317675,2400632.39317675,52.54695729,67.89000000
2026-06-01,2026,1.12000000,0.58301781,3.36449142,3.54949142,5861746.95005535,3416566.72412216,63990.72409023,19442.89133379,31343.88662802,0.00000000,10809475.19418525,8364294.96825206,2445180.22593319,2445180.22593319,52.98933659,68.48000000
