ano,periodo,tipo,data_protocolo,lucro_liquido_usd_milhoes,variacao_usd_milhoes,variacao_pct,pagina,norma,secao,metrica,trecho,url_documento,url_indice,accession
2002,ano,20-F,2003-06-19,2311,,,F-5,US GAAP,Consolidated Statements of Income,Net income for the year,"Net income for the year 2,311  [2002]  3,491 [2001]  5,342 [2000]",https://www.sec.gov/Archives/edgar/data/1119639/000095012303007204/y87469e20vf.htm,https://www.sec.gov/Archives/edgar/data/1119639/000095012303007204/0000950123-03-007204-index.htm,0000950123-03-007204
2003,ano,20-F,2004-06-30,6559,4248.0,1.8382,F-4,US GAAP,Consolidated Statements of Income,Net income for the year,"Net income for the year 6,559  [2003]  2,311 [2002]  3,491 [2001]",https://www.sec.gov/Archives/edgar/data/1119639/000119312504112315/d20f.htm,https://www.sec.gov/Archives/edgar/data/1119639/000119312504112315/0001193125-04-112315-index.htm,0001193125-04-112315
2004,ano,20-F,2005-06-30,6190,-369.0,-0.0563,F-7,US GAAP,Consolidated Statements of Income,Net income for the year,"Net income for the year 6,190  [2004]  6,559 [2003]  2,311 [2002]",https://www.sec.gov/Archives/edgar/data/1119639/000119312505135283/d20f.htm,https://www.sec.gov/Archives/edgar/data/1119639/000119312505135283/0001193125-05-135283-index.htm,0001193125-05-135283
2005,ano,20-F,2006-06-28,10344,4154.0,0.6711,F-5,US GAAP,Consolidated Statements of Income,Net income for the year,"Net income for the year 10,344  [2005]  6,190 [2004]  6,559 [2003]",https://www.sec.gov/Archives/edgar/data/1119639/000095012306008263/y22597e20vf.htm,https://www.sec.gov/Archives/edgar/data/1119639/000095012306008263/0000950123-06-008263-index.htm,0000950123-06-008263
2006,ano,20-F,2007-06-26,12826,2482.0,0.2399,F-5,US GAAP,Consolidated Statements of Income,Net income for the year,"Net income for the year 12,826  [2006]  10,344 [2005]  6,190 [2004]",https://www.sec.gov/Archives/edgar/data/1119639/000095012307009192/y36368e20vf.htm,https://www.sec.gov/Archives/edgar/data/1119639/000095012307009192/0000950123-07-009192-index.htm,0000950123-07-009192
2007,ano,20-F,2008-05-19,13138,312.0,0.0243,F-10,US GAAP,Consolidated Statements of Income,Net income for the year,"Net income for the year 13,138  [2007]  12,826 [2006]  10,344 [2005]",https://www.sec.gov/Archives/edgar/data/1119639/000136231008002879/c73239e20vf.htm,https://www.sec.gov/Archives/edgar/data/1119639/000136231008002879/0001362310-08-002879-index.htm,0001362310-08-002879
2008,ano,20-F,2009-05-22,18879,5741.0,0.437,F-6,US GAAP,Consolidated Statements of Income,Net income for the year,"Net income for the year 18,879  [2008]  13,138 [2007]  12,826 [2006]",https://www.sec.gov/Archives/edgar/data/1119639/000095012309009383/y76586e20vf.htm,https://www.sec.gov/Archives/edgar/data/1119639/000095012309009383/0000950123-09-009383-index.htm,0000950123-09-009383
2009,ano,20-F,2010-05-20,15504,-3375.0,-0.1788,F-7,US GAAP,Consolidated Statements of Income,Net income for the year attributable to Petrobras,"Net income for the year 16,823; attributable to Petrobras 15,504  [2009]  18,879 [2008]  13,138 [2007]",https://www.sec.gov/Archives/edgar/data/1119639/000129281410001665/pbraform20f2009.htm,https://www.sec.gov/Archives/edgar/data/1119639/000129281410001665/0001292814-10-001665-index.htm,0001292814-10-001665
2010,ano,20-F,2011-05-26,19184,3680.0,0.2374,F-7,US GAAP,Consolidated Statements of Income,Net income for the year attributable to Petrobras,"Net income for the year attributable to Petrobras 19,184  [2010]  15,504 [2009]  18,879 [2008]. O 20-F de 2011 (1º IFRS) reapresenta 2010 como 20,055",https://www.sec.gov/Archives/edgar/data/1119639/000129281411001552/pbraform20f2010.htm,https://www.sec.gov/Archives/edgar/data/1119639/000129281411001552/0001292814-11-001552-index.htm,0001292814-11-001552
2011,ano,20-F,2012-04-02,20121,937.0,0.0488,F-7,IFRS,Consolidated Statement of Income,Net income attributable to the shareholders of Petrobras,"Net income attributable to the shareholders of Petrobras 20,121  [2011]  20,055 [2010 IFRS]  15,308 [2009 IFRS]",https://www.sec.gov/Archives/edgar/data/1119639/000129281412000786/pbraform20f_2011.htm,https://www.sec.gov/Archives/edgar/data/1119639/000129281412000786/0001292814-12-000786-index.htm,0001292814-12-000786
2012,ano,20-F,2013-04-29,11034,-9087.0,-0.4516,F-7,IFRS,Consolidated Statement of Income,Net income attributable to the shareholders of Petrobras,"Net income attributable to the shareholders of Petrobras 11,034  [2012]  20,121 [2011]  20,055 [2010]",https://www.sec.gov/Archives/edgar/data/1119639/000129281413000928/pbraform20f_2012.htm,https://www.sec.gov/Archives/edgar/data/1119639/000129281413000928/0001292814-13-000928-index.htm,0001292814-13-000928
2013,ano,20-F,2014-04-30,11094,60.0,0.0054,F-7,IFRS,Consolidated Statement of Income,Net income attributable to the shareholders of Petrobras,"Net income attributable to the shareholders of Petrobras 11,094  [2013]  11,034 [2012]  20,121 [2011]",https://www.sec.gov/Archives/edgar/data/1119639/000129281414001060/pbraform20f_2013.htm,https://www.sec.gov/Archives/edgar/data/1119639/000129281414001060/0001292814-14-001060-index.htm,0001292814-14-001060
2014,ano,20-F,2015-05-15,-7367,-18461.0,,F-5,IFRS,Consolidated Statement of Income,Net income (loss) attributable to the shareholders of Petrobras,"Net income (loss) attributable to the shareholders of Petrobras (7,367)  [2014]  11,094 [2013]  11,034 [2012]",https://www.sec.gov/Archives/edgar/data/1119639/000129281415001242/pbraform20f_2014.htm,https://www.sec.gov/Archives/edgar/data/1119639/000129281415001242/0001292814-15-001242-index.htm,0001292814-15-001242
2015,ano,20-F,2016-04-28,-8450,-1083.0,-0.147,F-5,IFRS,Consolidated Statement of Income,Net income (loss) attributable to the shareholders of Petrobras,"Net income (loss) attributable to the shareholders of Petrobras (8,450)  [2015]  (7,367) [2014]  11,094 [2013]",https://www.sec.gov/Archives/edgar/data/1119639/000129281416004364/pbraform20f_2015.htm,https://www.sec.gov/Archives/edgar/data/1119639/000129281416004364/0001292814-16-004364-index.htm,0001292814-16-004364
2016,ano,20-F,2017-04-27,-4838,3612.0,0.4275,F-6,IFRS,Consolidated Statement of Income,Net income (loss) attributable to the shareholders of Petrobras,"Net income (loss) attributable to the shareholders of Petrobras (4,838)  [2016]  (8,450) [2015]  (7,367) [2014]",https://www.sec.gov/Archives/edgar/data/1119639/000119312517140235/d375139d20f.htm,https://www.sec.gov/Archives/edgar/data/1119639/000119312517140235/0001193125-17-140235-index.htm,0001193125-17-140235
2017,ano,20-F,2018-04-18,-91,4747.0,0.9812,F-9,IFRS,Consolidated Statement of Income,Net income (loss) attributable to the shareholders of Petrobras,"Net income (loss) attributable to the shareholders of Petrobras (91)  [2017]  (4,838) [2016]  (8,450) [2015]",https://www.sec.gov/Archives/edgar/data/1119639/000119312518120259/d521855d20f.htm,https://www.sec.gov/Archives/edgar/data/1119639/000119312518120259/0001193125-18-120259-index.htm,0001193125-18-120259
2018,ano,20-F,2019-04-01,7173,7264.0,,F-9,IFRS,Consolidated Statement of Income,Net income attributable to shareholders of Petrobras,"Net income attributable to shareholders of Petrobras 7,173  [2018]  (91) [2017]  (4,838) [2016]",https://www.sec.gov/Archives/edgar/data/1119639/000119312519093231/d692671d20f.htm,https://www.sec.gov/Archives/edgar/data/1119639/000119312519093231/0001193125-19-093231-index.htm,0001193125-19-093231
2019,ano,20-F,2020-03-23,10151,2978.0,0.4152,F-11,IFRS,Consolidated Statement of Income,Net income (loss) attributable to shareholders of Petrobras,"Net income (loss) attributable to shareholders of Petrobras 10,151  [2019]  7,173 [2018]  (91) [2017]. Inclui operações descontinuadas 2,491 (continuadas 7,660)",https://www.sec.gov/Archives/edgar/data/1119639/000119312520080953/d883642d20f.htm,https://www.sec.gov/Archives/edgar/data/1119639/000119312520080953/0001193125-20-080953-index.htm,0001193125-20-080953
2020,ano,20-F,2021-03-25,1141,-9010.0,-0.8876,F-10,IFRS,Consolidated Statements of Income,Net income attributable to shareholders of Petrobras,"Net income attributable to shareholders of Petrobras 1,141  [2020]  10,151 [2019]  7,173 [2018]",https://www.sec.gov/Archives/edgar/data/1119639/000129281421001152/pbraform20f_2020.htm,https://www.sec.gov/Archives/edgar/data/1119639/000129281421001152/0001292814-21-001152-index.htm,0001292814-21-001152
2021,ano,20-F,2022-03-30,19875,18734.0,16.4189,F-10,IFRS,Consolidated Statements of Income,Net income attributable to shareholders of Petrobras,"Net income attributable to shareholders of Petrobras 19,875  [2021]  1,141 [2020]  10,151 [2019]",https://www.sec.gov/Archives/edgar/data/1119639/000129281422001285/pbraform20f_2021.htm,https://www.sec.gov/Archives/edgar/data/1119639/000129281422001285/0001292814-22-001285-index.htm,0001292814-22-001285
2022,ano,20-F,2023-03-29,36623,16748.0,0.8427,F-4,IFRS,Consolidated Statements of Income,Net income attributable to shareholders of Petrobras,"Net income attributable to shareholders of Petrobras 36,623  [2022]  19,875 [2021]  1,141 [2020]",https://www.sec.gov/Archives/edgar/data/1119639/000129281423001253/pbrform20f_2022.htm,https://www.sec.gov/Archives/edgar/data/1119639/000129281423001253/0001292814-23-001253-index.htm,0001292814-23-001253
2023,ano,20-F,2024-04-12,24884,-11739.0,-0.3205,F-4,IFRS,Consolidated Statements of Income,Net income attributable to shareholders of Petrobras,"Net income attributable to shareholders of Petrobras 24,884  [2023]  36,623 [2022]  19,875 [2021]",https://www.sec.gov/Archives/edgar/data/1119639/000129281424001340/pbrform20f_2023.htm,https://www.sec.gov/Archives/edgar/data/1119639/000129281424001340/0001292814-24-001340-index.htm,0001292814-24-001340
2024,ano,20-F,2025-04-03,7528,-17356.0,-0.6975,F-4,IFRS,Consolidated Statements of Income,Net income (loss) attributable to shareholders of Petrobras,"Net income (loss) attributable to shareholders of Petrobras 7,528  [2024]  24,884 [2023]  36,623 [2022]",https://www.sec.gov/Archives/edgar/data/1119639/000129281425001352/pbrform20f_2024.htm,https://www.sec.gov/Archives/edgar/data/1119639/000129281425001352/0001292814-25-001352-index.htm,0001292814-25-001352
2025,ano,20-F,2026-04-09,19634,12106.0,1.6081,F-4,IFRS,Consolidated Statements of Income,Net income attributable to shareholders of Petrobras,"Net income attributable to shareholders of Petrobras 19,634  [2025]  7,528 [2024]  24,884 [2023]",https://www.sec.gov/Archives/edgar/data/1119639/000129281426002168/pbrform20f_2025.htm,https://www.sec.gov/Archives/edgar/data/1119639/000129281426002168/0001292814-26-002168-index.htm,0001292814-26-002168
2026,1S (jan–jun),6-K,2026-08-07,16627,,,4,IFRS,Unaudited Condensed Consolidated Statements of Income (p. 4),Net income attributable to shareholders of Petrobras (1S2026),"Net income attributable to shareholders of Petrobras 16,627  [Jan-Jun/2026]  10,708 [Jan-Jun/2025]. Ano de 2026 incompleto — não há 20-F.",https://www.sec.gov/Archives/edgar/data/1119639/000129281426004133/pbrfs2q26usd_6k.htm,https://www.sec.gov/Archives/edgar/data/1119639/000129281426004133/0001292814-26-004133-index.htm,0001292814-26-004133
