codigo,modalidade,segmento,origem,inicio,fim,2001,2002,2003,2004,2005,2006,2007,2008,2009,2010,2011,2012,2013,2014,2015,2016,2017,2018,2019,2020,2021,2022,2023,2024,2025,2026
20714,Total do SFN,Total,Livre e direcionado,03/2011,06/2026,,,,,,,,,,,27.294,23.799166666666665,21.300833333333333,23.486666666666665,27.55,32.195,28.930833333333336,24.765833333333333,24.38083333333333,20.024166666666666,21.05666666666667,28.034166666666668,30.209166666666665,27.926666666666666,31.530833333333334,33.089999999999996
20715,Total PJ,PJ,Livre e direcionado,03/2011,06/2026,,,,,,,,,,,19.211,16.408333333333335,14.978333333333333,16.584166666666665,19.536666666666665,21.837500000000002,19.05333333333333,16.176666666666666,15.013333333333334,11.894166666666665,14.3075,19.605,19.965,18.446666666666665,21.05666666666667,21.191666666666666
20716,Total PF,PF,Livre e direcionado,03/2011,06/2026,,,,,,,,,,,36.285000000000004,31.555833333333336,27.736666666666668,30.3125,35.086666666666666,41.04833333333333,36.373333333333335,30.7775,30.35166666666667,25.245833333333334,25.141666666666666,32.776666666666664,35.4775,32.52916666666667,36.416666666666664,38.675000000000004
20717,Recursos livres — total,Total,Livres,03/2011,06/2026,,,,,,,,,,,37.916000000000004,33.05416666666667,30.969166666666666,35.806666666666665,43.123333333333335,51.26,46.324999999999996,38.653333333333336,36.7975,28.680000000000003,29.514166666666668,38.78916666666667,42.79583333333333,40.18666666666667,45.531666666666666,48.91833333333333
20718,Livres PJ — total,PJ,Livres,03/2011,06/2026,,,,,,,,,,,26.5,21.526666666666667,20.666666666666668,23.758333333333336,27.866666666666664,30.214166666666667,25.21666666666667,20.728333333333335,18.614166666666666,13.776666666666666,16.136666666666667,22.42,23.103333333333335,21.289166666666667,24.278333333333332,24.796666666666667
20719,PJ — desconto de duplicatas e recebíveis,PJ,Livres,01/2001,06/2026,47.524166666666666,50.48,52.7525,41.15333333333333,42.91083333333333,38.722500000000004,33.29416666666666,41.095,41.134166666666665,39.64666666666667,36.06,28.159166666666664,26.045,28.355833333333333,32.137499999999996,34.060833333333335,26.300833333333333,19.191666666666666,18.288333333333334,12.805833333333334,12.395000000000001,19.421666666666667,20.241666666666667,16.885,19.454166666666666,19.095
20720,PJ — desconto de cheques,PJ,Livres,03/2011,06/2026,,,,,,,,,,,38.866,33.295,32.6675,37.80583333333333,42.152499999999996,46.91833333333333,43.4175,37.803333333333335,33.1075,26.633333333333336,28.575833333333335,36.57666666666667,40.780833333333334,35.57,37.51166666666666,32.23166666666666
20721,PJ — antecipação de faturas de cartão,PJ,Livres,03/2011,06/2026,,,,,,,,,,,36.316,32.498333333333335,28.235,28.293333333333333,31.10083333333333,29.345,23.800833333333333,19.413333333333334,14.103333333333333,7.94,9.225,16.593333333333334,15.581666666666665,12.796666666666667,16.88083333333333,16.338333333333335
20722,PJ — capital de giro até 365 dias,PJ,Livres,03/2011,06/2026,,,,,,,,,,,23.547,18.509166666666665,18.755,21.368333333333336,23.98166666666667,25.257500000000004,21.085833333333333,18.266666666666666,16.135,9.2225,15.831666666666665,22.0725,25.39,24.0675,29.15416666666667,25.118333333333336
20723,PJ — capital de giro acima de 365 dias,PJ,Livres,03/2011,06/2026,,,,,,,,,,,22.240000000000002,16.871666666666666,17.0275,20.355,23.91,24.78833333333333,19.662499999999998,16.8875,15.600833333333334,12.560833333333333,15.896666666666667,22.0725,22.209166666666665,20.69,23.139166666666668,23.048333333333332
20724,PJ — capital de giro rotativo,PJ,Livres,03/2011,06/2026,,,,,,,,,,,26.837,24.635833333333334,25.0325,33.395,40.035000000000004,45.6175,41.031666666666666,33.83833333333333,25.8275,22.479166666666668,33.262499999999996,37.229166666666664,30.830833333333334,28.674166666666665,32.350833333333334,36.42666666666667
20725,PJ — capital de giro total,PJ,Livres,01/2001,06/2026,33.2675,33.535000000000004,36.7125,30.298333333333332,32.16416666666667,28.120833333333334,23.695833333333336,25.449166666666667,23.790000000000003,21.924166666666665,22.97,18.029166666666665,18.210833333333333,21.855,25.5575,26.708333333333332,21.115833333333335,17.8425,16.283333333333335,12.58,16.650833333333335,22.62,22.735,21.230833333333333,24.52333333333333,23.78333333333333
20726,PJ — conta garantida,PJ,Livres,03/2011,06/2026,,,,,,,,,,,39.872,38.44583333333333,37.50333333333334,40.395,46.75416666666666,51.27583333333333,46.2725,39.81666666666667,38.215833333333336,30.170833333333334,35.405833333333334,44.3475,48.455000000000005,53.6025,57.80416666666667,61.38333333333333
20727,PJ — cheque especial,PJ,Livres,03/2011,06/2026,,,,,,,,,,,172.738,160.23166666666665,146.52583333333334,167.58416666666668,228.1575,318.8591666666667,338.89416666666665,337.15833333333336,333.39166666666665,301.36,315.7325,319.4316666666667,336.65416666666664,340.71166666666664,349.25499999999994,350.62166666666667
20728,PJ — aquisição de veículos,PJ,Livres,03/2011,06/2026,,,,,,,,,,,20.386000000000003,17.239166666666666,17.171666666666667,19.480833333333333,21.274166666666666,22.12166666666667,18.892500000000002,15.637500000000001,13.414166666666667,11.825000000000001,13.991666666666667,18.7225,18.014166666666664,16.764166666666664,19.080833333333334,18.72
20740,Livres PF — total,PF,Livres,03/2011,06/2026,,,,,,,,,,,48.166000000000004,43.88583333333333,40.895833333333336,47.524166666666666,58.01166666666666,70.35833333333333,63.468333333333334,52.79916666666667,50.55583333333333,41.056666666666665,40.41416666666667,51.280833333333334,56.56166666666667,52.60166666666667,58.453333333333326,62.461666666666666
20741,PF — cheque especial,PF,Livres,01/2001,06/2026,153.2775,159.61833333333334,165.33416666666668,141.48666666666665,147.55833333333334,144.62,139.9466666666667,160.78416666666666,165.20000000000002,164.27,153.58,134.80666666666667,123.72416666666668,151.705,214.0975,273.2716666666667,277.81083333333333,264.94166666666666,263.95416666666665,119.145,125.46666666666665,130.42416666666668,132.08,132.41833333333332,137.80166666666668,140.1
20742,PF — crédito pessoal não consignado,PF,Livres,03/2011,06/2026,,,,,,,,,,,77.319,70.80916666666667,76.27166666666666,98.64999999999999,114.90666666666668,130.76333333333332,130.56583333333333,120.58333333333333,114.46583333333332,84.62333333333333,82.40083333333332,84.51166666666667,90.67583333333333,96.12583333333333,105.73833333333333,119.98166666666667
20747,PF — crédito pessoal consignado total,PF,Livres,01/2004,06/2026,,,,38.93333333333333,37.666666666666664,35.416666666666664,31.05,28.724999999999998,28.191666666666666,26.8,28.984166666666667,26.2375,24.459999999999997,25.588333333333335,27.602500000000003,29.563333333333333,27.65416666666667,25.16416666666667,22.633333333333336,19.690833333333334,19.3025,24.858333333333334,25.478333333333335,23.462500000000002,26.53916666666667,28.008333333333336
20748,PF — crédito pessoal total,PF,Livres,01/2001,06/2026,77.91250000000001,85.31,91.40166666666666,73.5475,69.3975,62.26083333333333,50.9725,54.055,47.5325,42.88833333333333,44.68833333333333,39.91833333333333,39.14666666666667,45.04916666666667,49.53583333333333,53.685,49.935833333333335,45.21083333333333,42.695,33.7825,33.93,40.555,42.25416666666667,42.74333333333333,49.567499999999995,55.45666666666667
20749,PF — aquisição de veículos,PF,Livres,01/2001,06/2026,39.17416666666667,46.21083333333333,44.76,35.70166666666667,36.1325,33.535000000000004,29.775000000000002,32.689166666666665,28.021666666666665,23.91916666666667,27.1875,22.238333333333333,20.550833333333333,22.996666666666666,25.023333333333337,26.3925,23.85083333333333,22.028333333333332,20.6025,19.2575,22.71166666666667,27.331666666666667,27.151666666666667,25.860833333333332,27.7775,26.831666666666667
20750,PF — aquisição de outros bens,PF,Livres,03/2011,06/2026,,,,,,,,,,,74.765,71.62083333333334,69.49916666666667,78.15833333333333,85.23833333333333,94.39583333333333,89.93,82.06416666666667,71.18916666666667,61.59,56.189166666666665,80.99,82.24833333333333,88.09166666666665,93.175,95.31333333333333
20756,Recursos direcionados — total,Total,Direcionados,03/2011,06/2026,,,,,,,,,,,9.629999999999999,8.466666666666667,7.2058333333333335,7.954166666666667,9.3475,10.9825,10.100833333333332,8.72,8.155,7.3675,7.8075,10.533333333333333,11.0225,10.239166666666668,11.716666666666667,12.086666666666666
20760,PJ — crédito rural total,PJ,Direcionados,03/2011,06/2026,,,,,,,,,,,8.258,7.769166666666667,7.235,7.679166666666666,9.336666666666666,11.01,9.775833333333333,8.8675,8.049999999999999,5.9750000000000005,7.0441666666666665,12.205,12.3175,11.9525,14.184166666666668,12.695
20763,PJ — financiamento imobiliário total,PJ,Direcionados,03/2011,06/2026,,,,,,,,,,,11.695,10.343333333333334,10.471666666666666,10.8975,11.833333333333334,12.705,11.429166666666667,10.985833333333332,10.321666666666667,8.566666666666666,7.947500000000001,10.7675,10.88,10.52,11.975833333333334,11.979999999999999
20768,Direcionados PF — total,PF,Direcionados,03/2011,06/2026,,,,,,,,,,,9.209,7.703333333333333,7.180833333333333,8.198333333333332,9.3075,10.290833333333333,8.9725,7.923333333333333,7.726666666666667,7.189166666666666,7.239999999999999,10.243333333333334,10.904166666666667,9.94,11.135,11.133333333333333
20771,PF — crédito rural total,PF,Direcionados,03/2011,06/2026,,,,,,,,,,,6.128,5.642500000000001,4.948333333333333,5.200833333333333,6.9383333333333335,8.4725,8.3375,7.251666666666666,6.966666666666666,6.214166666666666,6.293333333333333,9.9525,11.230833333333335,10.698333333333332,12.1875,10.558333333333334
20774,PF — financiamento imobiliário total,PF,Direcionados,03/2011,06/2026,,,,,,,,,,,10.389,8.485833333333334,8.123333333333333,9.368333333333334,10.11,10.854999999999999,9.101666666666667,8.019166666666667,7.739166666666667,7.170833333333333,7.163333333333334,9.869166666666667,10.410833333333334,9.433333333333334,10.57,11.13
20782,PF — microcrédito total,PF,Direcionados,03/2011,06/2026,,,,,,,,,,,24.699,13.816666666666668,10.348333333333334,13.200833333333334,24.864166666666666,29.27416666666667,29.325833333333332,31.265833333333333,35.22166666666667,34.73833333333334,38.07833333333333,47.90083333333333,48.59,46.43416666666667,51.80916666666667,52.785
22021,PJ — cartão de crédito total,PJ,Livres,03/2011,06/2026,,,,,,,,,,,57.664,52.05583333333333,49.276666666666664,55.405833333333334,73.26083333333334,110.64083333333333,93.85916666666667,58.52,33.013333333333335,32.502500000000005,25.5575,36.659166666666664,46.05833333333334,40.612500000000004,45.48083333333333,49.81166666666667
22022,PF — cartão de crédito rotativo,PF,Livres,03/2011,06/2026,,,,,,,,,,,287.80699999999996,290.3616666666667,261.02500000000003,292.26,377.5933333333333,474.05749999999995,409.1875,309.31916666666666,303.93666666666667,312.6741666666667,335.555,380.56916666666666,438.0325,430.08,452.2575,436.49666666666667
22023,PF — cartão de crédito parcelado,PF,Livres,03/2011,06/2026,,,,,,,,,,,113.399,112.07499999999999,104.435,105.96083333333333,121.755,150.755,162.82416666666666,167.0025,174.205,151.59083333333334,166.26083333333335,178.48749999999998,194.50166666666667,183.22583333333333,186.38250000000002,192.07833333333335
22024,PF — cartão de crédito total,PF,Livres,03/2011,06/2026,,,,,,,,,,,77.421,73.9175,61.20583333333334,66.62166666666667,87.4475,116.38916666666667,94.645,67.03,66.80333333333333,66.92583333333333,59.70083333333333,79.7175,96.5425,83.27416666666666,89.90833333333335,94.88166666666666
